Série,1800,1801,1802,1803,1804,1805,1806,1807,1808,1809,1810,1811,1812,1813,1814,1815,1816,1817,1818,1819,1820,1821,1822,1823,1824,1825,1826,1827,1828,1829,1830,1831,1832,1833,1834,1835,1836,1837,1838,1839,1840,1841,1842,1843,1844,1845,1846,1847,1848,1849,1850,1851,1852,1853,1854,1855,1856,1857,1858,1859,1860,1861,1862,1863,1864,1865,1866,1867,1868,1869,1870,1871,1872,1873,1874,1875,1876,1877,1878,1879,1880,1881,1882,1883,1884,1885,1886,1887,1888,1889,1890,1891,1892,1893,1894,1895,1896,1897,1898,1899,1900,1901,1902,1903,1904,1905,1906,1907,1908,1909,1910,1911,1912,1913,1914,1915,1916,1917,1918,1919,1920,1921,1922,1923,1924,1925,1926,1927,1928,1929,1930,1931,1932,1933,1934,1935,1936,1937,1938,1939,1940,1941,1942,1943,1944,1945,1946,1947,1948,1949,1950,1951,1952,1953,1954,1955,1956,1957,1958,1959,1960,1961,1962,1963,1964,1965,1966,1967,1968,1969,1970,1971,1972,1973,1974,1975,1976,1977,1978,1979,1980,1981,1982,1983,1984,1985,1986,1987,1988,1989,1990,1991,1992,1993,1994,1995,1996,1997,1998,1999,2000,2001,2002,2003,2004,2005,2006,2007,2008,2009,2010,2011,2012,2013,2014,2015
A. France,,,,,,,,,,,,,,,,,,,,,,,,,,,,,,,,,,,,,,,,,,,,,,,,,,,,,,,,,,,,,,,,,,,,,,,,,,,,,,,,,,,,,,,,,,,,,,,,,,,,,,,,,,,,,,,,,,,,,,,,,,,,,,,,,,,,,,,,,,,,,,,,,,,,,,,,,,,,,,,,,,,,,,,,,,,,,,,,,,,,,,,,,,,,,,,,,,,,,,,,,,,,,,,,,,,,,,,,
A.a. Séries macroéconomiques,,,,,,,,,,,,,,,,,,,,,,,,,,,,,,,,,,,,,,,,,,,,,,,,,,,,,,,,,,,,,,,,,,,,,,,,,,,,,,,,,,,,,,,,,,,,,,,,,,,,,,,,,,,,,,,,,,,,,,,,,,,,,,,,,,,,,,,,,,,,,,,,,,,,,,,,,,,,,,,,,,,,,,,,,,,,,,,,,,,,,,,,,,,,,,,,,,,,,,,,,,,,,,,,,,,,,,,,
"Indice des prix à la consommation (€, base 2000)","0,000428704890191","0,000442066128977","0,000474133102063","0,000473751352384","0,000425650892754","0,000422978644997","0,000416488900444","0,000396637917105","0,000402364162299","0,000369151940173","0,000464207610394","0,000511544570664","0,000573769768439","0,000471460854306","0,000390148172551","0,000542466294712","0,000542084545032","0,000624924225505","0,000513835068742","0,000428704890191","0,0003817496796","0,000375324720056","0,000353908188241","0,00035283736165","0,000351231121764","0,000356049841422","0,000369970587102","0,000384962159372","0,000421905676753","0,000436361835728","0,000426188983116","0,000422976503344","0,000420299436867","0,000392993358803","0,000389780879031","0,000392993358803","0,000397812078461","0,000404772451301","0,000424047329935","0,000442786795273","0,000435291009137","0,000406914104483","0,000418157783685","0,000403166211415","0,00041762237039","0,000412268237436","0,000440645142091","0,00046848663345","0,000403166211415","0,000394599598689","0,000390316292326","0,000389780879031","0,000406914104483","0,000454030474475","0,000508107217308","0,000542373668212","0,000551475694233","0,000515603003443","0,000467951220155","0,000443322208568","0,000493651058333","0,000518815483215","0,00050328849765","0,000496863538105","0,000481871965835","0,000478124072767","0,000501682257763","0,000531665402304","0,000542373668212","0,000508107217308","0,000519886309806","0,00060501702377","0,000560577720254","0,000578246359002","0,000587883798318","0,000520957136397","0,00054023201503","0,000553617347414","0,000560042306959","0,000551475694233","0,000573963052639","0,000572892226048","0,000560042306959","0,000565931853208","0,000553617347414","0,000534342468781","0,000532736228895","0,00052524044276","0,00050435932424","0,000511855110375","0,000522027962988","0,000531665402304","0,000508642630603","0,000498469777991","0,000513996763557","0,000505965564126","0,000499540604582","0,000495257298219","0,000501146844468","0,00049632812481","0,000499540604582","0,000480265725949","0,000474376179699","0,000501682257763","0,000494186471628","0,000478659486062","0,000474911592995","0,000500076017877","0,000507036390717","0,00050328849765","0,000516673830034","0,000568608919685","0,000581458838774","0,000572892226048","0,000572892226048","0,000681741748997","0,000767675582904","0,000916627561677","0,001185886907919","0,001483790865464","0,002045225246991","0,001787423745269","0,001718676678144","0,001907731112739","0,002176990458982","0,002331671360015","0,003036328798054","0,003168094010045","0,003162365087784","0,003357148444641","0,003380064133682","0,003248298921691","0,002961852808668","0,002864461130239","0,002744153762769","0,00251499687235","0,002698322384685","0,003397250900464","0,003855564681302","0,004107637260763","0,004875312843667","0,005717464415958","0,006868977790314","0,008530365245853","0,010426638514071","0,015468090103293","0,023597430790912","0,035204227290642","0,055868449884189","0,063230114988904","0,069554845164472","0,080869466628918","0,090482598182001","0,088964433782974","0,089342542652166","0,090167507457675","0,093960053994112","0,096801599435309","0,11141608012179","0,118262142223062","0,122570291762942","0,126597724112059","0,132693297397208","0,139195624162852","0,143572520769858","0,14755412174089","0,15167830526781","0,155802488794729","0,162676128006261","0,17321570813061","0,182380560412653","0,1924618979229","0,204376205889556","0,219039969540825","0,249283982071566","0,278611509374103","0,30564782360613","0,334058865680463","0,364302878211204","0,403711743023989","0,458242614102143","0,519647124391831","0,581051634681518","0,636957233601979","0,6841562228545","0,724023330281387","0,743269520073677","0,766639893392886","0,787260811027483","0,815671853101815","0,843166409947944","0,870147735066278","0,891226895314977","0,909776556333832","0,924953551712895","0,940973713501906","0,95952337452076","0,971327704260032","0,978073035539615","0,983371372676883",1,"1,016","1,036","1,058","1,080","1,100","1,118","1,135","1,167","1,168","1,185","1,210","1,234","1,245","1,251","1,252"
Produit intérieur brut (milliards d'€),"0,009952318228593","0,010101725206234","0,010253375123103","0,01040730165083","0,010563538966531","0,010722121760402","0,010883085243413","0,011046465155136","0,011212297771671","0,011380619913708","0,011551468954698","0,011624301943663","0,011697594150784","0,011771348471471","0,01184556781939","0,011920255126575","0,014370576463244","0,017115091454167","0,015434584923935","0,014323240526563","0,014484473512255","0,014972696040073","0,01461339527837","0,016287601120784","0,015860608354066","0,016507155857814","0,016614105994616","0,016880996668327","0,01696032071239","0,018292512295575","0,018452937500778","0,01790429299235","0,018710134808616","0,018482825378888","0,018711265701301","0,019704835703313","0,020117288421221","0,01933325667817","0,020874340295925","0,020269474265432","0,021754982585513","0,02272674251431","0,022206370323012","0,02199085448843","0,022401368533163","0,022639340665352","0,0241120860537","0,028033537217738","0,020988883569328","0,0227580843973","0,023068433661343","0,022866973207277","0,025826842476685","0,026310541433761","0,029720344435788","0,029868168265355","0,032329152304485","0,032225110177445","0,029845388855553","0,028781057282666","0,033416263287174","0,034346987967107","0,035435068286383","0,035132312158941","0,03512164945648","0,033781380068401","0,036716854367027","0,036408605332257","0,04045429313557","0,04093088362434","0,0387078717174","0,038260199770152","0,040316485784072","0,039128402240203","0,04199343808015","0,042387150290704","0,039748616099995","0,041395518961867","0,04033037960849","0,03707163155799","0,041049788912386","0,042802187906178","0,044994181042324","0,044012081523262","0,042055152509544","0,040551065238205","0,040754464365447","0,040621503696885","0,041494068181578","0,044307890738495","0,046734947997068","0,047386665295949","0,046362884303632","0,045480141784771","0,045895017844148","0,043888975776671","0,046459817962365","0,049145041865363","0,051535587445813","0,052620598199229","0,053000093473168","0,04998287178901","0,051504568675018","0,054753138691352","0,053428701800865","0,053660696357433","0,057538688931139","0,062588124770631","0,060302590653808","0,064786095482399","0,066098900333837","0,072843382752371","0,079743766805368","0,080084327059716","0,082235299056082","0,097281659334867","0,108896654833585","0,129257411801233","0,166238476680328","0,206769606604009","0,283322382871232","0,216047677256966","0,251439610065213","0,305277856574224","0,351041529310789","0,400570266908636","0,523064200556662","0,49194736521073","0,533731265031919","0,559672004557615","0,539732266287972","0,482705710187139","0,430100944485503","0,40185512255514","0,371562384864535","0,33024021237111","0,397941749195997","0,56021854883677","0,668765506110214","0,770285514813903","0,761850866536942","0,713963925202043","0,774681514605925","0,922132124643041","0,961518694521713","1,56045068835941","3,65663193204423","5,96098638882402","10,248955422549","13,244","15,538","19,573","22,816","23,664","25,138","27,014","29,776","33,623","38,822","42,362",47,51,57,64,71,77,83,90,98,113,126,141,157,180,210,237,273,308,350,399,453,511,587,652,710,761,818,860,929,1 002,1 059,1 097,1 136,1 148,1 186,1 225,1 259,1 300,1 359,1 407,1 486,1 546,1 595,1 638,1 708,1 770,1 854,1 946,1 995,1 939,1 997,2 059,2 087,2 116,2 141,2 181
Revenu disponible des ménages (milliards d'€),"0,008421244895115","0,008547666972751","0,008675986933884","0,008806233270071","0,008938434900591","0,009072621178869","0,009208821898991","0,009347067302319","0,009487388084208","0,009629815400819","0,009774380876041","0,009836009174335","0,009898026044264","0,009960433935803","0,010023235314379","0,010086432660959","0,012159794421893","0,014482090828219","0,013060114891169","0,012119740687077","0,012256169449351","0,012669283396839","0,012365257778304","0,013781902330856","0,013420598504513","0,013967680575276","0,01405817740957","0,014284009388805","0,014351130152609","0,015478376218454","0,015614121469895","0,015149880912096","0,015831751319134","0,015639411370717","0,0158327082343","0,016673426558936","0,017022427190284","0,016359011575739","0,017663013543006","0,017151200631228","0,018408177053183","0,019230440585327","0,018790122906684","0,01860776221643","0,018955122421779","0,019156484713192","0,020402661663985","0,023720833354046","0,017759935379131","0,019256960805649","0,019519565667701","0,019349098065942","0,021853618460356","0,022262904747178","0,025148140675594","0,025273223158039","0,02735560726197","0,027267571066674","0,025253948152548","0,024353354278938","0,028275476141071","0,029063017322896","0,029983706414996","0,029727526554774","0,029718504211778","0,028584423037603","0,031068301404859","0,030807473670973","0,034230769327155","0,034634040718646","0,032753018906129","0,03237421720246","0,034114162379038","0,033108854645808","0,035533130868423","0,035866274048445","0,033633654263414","0,035027196149809","0,034125918765367","0,031368499362729","0,034734653513269","0,03621746191446","0,038072236910989","0,037241224440182","0,035585351096067","0,034312653924952","0,034484761952711","0,034372256069593","0,03511058447144","0,03749152610724","0,039545202756183","0,040096659296277","0,039230377666486","0,038483437028144","0,038834488191991","0,037137057389227","0,039312398966451","0,042397007731468","0,043578161218689","0,044304859939608","0,044647875727172","0,04279195382223","0,042492224392668","0,045052928234997","0,043653418925854","0,042167810332429","0,045303164470209","0,049066789678081","0,048740051692139","0,051776683882573","0,054467747166572","0,059365810759555","0,062097069460682","0,062092740325445","0,06447035974725","0,077115434236396","0,087283750430517","0,10475694786481","0,136228336315202","0,171329096605053","0,262279686226575","0,240702779303467","0,246652458685094","0,275351057474827","0,280223201148894","0,317134577057462","0,390306824988894","0,363346880309254","0,422704775925185","0,422103245261859","0,408383637820797","0,357541912735017","0,325421083998351","0,30120495863249","0,270716081412125","0,249495039414487","0,342952563155463","0,467585236597826","0,558610357583231","0,63540182571449","0,620623621570904","0,574375903674312","0,615466961163272","0,723496295277873","0,745010682922747","1,19403326179856","2,7631803474602","4,44843984588332","7,55319686643664","9,639","11,013","13,842","16,172","16,556","17,809","19,264","21,09","23,633","26,801","28,69",32,34,40,44,48,51,56,61,66,75,84,94,105,119,141,162,182,204,236,264,300,346,396,433,462,495,521,544,577,621,663,691,723,739,752,777,796,817,846,867,917,965,1 003,1 029,1 075,1 105,1 156,1 216,1 254,1 255,1 285,1 311,1 318,1 322,1 333,1 352
,,,,,,,,,,,,,,,,,,,,,,,,,,,,,,,,,,,,,,,,,,,,,,,,,,,,,,,,,,,,,,,,,,,,,,,,,,,,,,,,,,,,,,,,,,,,,,,,,,,,,,,,,,,,,,,,,,,,,,,,,,,,,,,,,,,,,,,,,,,,,,,,,,,,,,,,,,,,,,,,,,,,,,,,,,,,,,,,,,,,,,,,,,,,,,,,,,,,,,,,,,,,,,,,,,,,,,,,
A.b. Séries démographiques,,,,,,,,,,,,,,,,,,,,,,,,,,,,,,,,,,,,,,,,,,,,,,,,,,,,,,,,,,,,,,,,,,,,,,,,,,,,,,,,,,,,,,,,,,,,,,,,,,,,,,,,,,,,,,,,,,,,,,,,,,,,,,,,,,,,,,,,,,,,,,,,,,,,,,,,,,,,,,,,,,,,,,,,,,,,,,,,,,,,,,,,,,,,,,,,,,,,,,,,,,,,,,,,,,,,,,,,
Population (y compris DOM) (milliers),28 601,28 742,28 883,29 025,29 168,29 311,29 455,29 600,29 746,29 892,30 039,30 186,30 335,30 484,30 634,30 784,30 936,31 088,31 241,31 394,31 549,31 704,31 907,32 112,32 318,32 525,32 733,32 943,33 155,33 367,33 581,33 796,34 002,34 209,34 417,34 626,34 836,34 972,35 108,35 244,35 381,35 519,35 760,36 002,36 243,36 484,36 726,36 802,36 878,36 955,37 031,37 107,37 156,37 206,37 255,37 304,37 353,37 490,37 627,37 764,37 900,38 037,38 176,38 314,38 453,38 591,38 730,38 660,38 590,38 519,38 449,38 379,38 309,38 508,38 708,38 908,39 107,39 270,39 433,39 596,39 759,39 922,40 033,40 144,40 254,40 365,40 476,40 509,40 542,40 575,40 608,40 642,40 685,40 728,40 771,40 814,40 857,40 964,41 070,41 177,41 283,41 389,41 468,41 547,41 625,41 704,41 782,41 853,41 924,41 995,42 065,42 136,41 901,41 667,41 432,41 197,40 963,40 728,40 493,40 258,40 024,39 789,40 089,40 388,40 688,40 988,41 288,41 480,41 671,41 863,42 055,42 247,42 243,42 238,42 234,42 229,42 225,42 123,42 021,41 920,41 818,41 717,41 615,41 513,41 412,41 310,41 208,41 610,42 052,42 429,42 786,43 120,43 431,43 730,44 041,44 421,44 846,45 325,45 813,46 275,46 729,47 219,48 073,48 910,49 416,49 873,50 288,50 682,51 057,51 469,51 934,52 423,52 884,53 311,53 660,53 905,54 119,54 361,54 597,54 833,55 113,55 421,55 739,56 036,56 305,56 582,56 866,57 169,57 492,57 828,58 138,58 426,58 712,58 961,59 175,59 384,59 589,59 795,60 011,60 315,60 725,61 163,61 605,62 038,62 491,62 958,63 393,63 781,64 133,64 459,64 773,65 087,65 403,65 709,66 227,66 504
Nombre de ménages (y compris DOM) (milliers),6 882,6 916,6 950,6 984,7 018,7 053,7 088,7 122,7 157,7 193,7 228,7 263,7 299,7 335,7 371,7 407,7 444,7 480,7 517,7 554,7 591,7 629,7 677,7 727,7 776,7 826,7 876,7 927,7 978,8 029,8 080,8 132,8 182,8 231,8 281,8 332,8 382,8 415,8 448,8 480,8 513,8 547,8 605,8 663,8 721,8 779,8 837,8 855,8 874,8 892,8 910,8 929,8 941,8 952,8 964,8 976,8 988,9 021,9 054,9 087,9 120,9 152,9 336,9 523,9 713,9 908,10 106,10 095,10 085,10 074,10 064,10 054,10 043,10 185,10 329,10 474,10 621,10 686,10 752,10 818,10 884,10 950,10 983,11 017,11 050,11 083,11 116,11 138,11 161,11 183,11 206,11 229,11 259,11 289,11 319,11 349,11 379,11 413,11 446,11 480,11 513,11 547,11 601,11 656,11 711,11 766,11 822,11 875,11 929,11 983,12 037,12 091,12 079,12 067,12 055,12 042,12 029,12 016,12 002,11 987,11 973,11 958,12 086,12 215,12 344,12 475,12 606,12 689,12 773,12 857,12 942,13 027,13 054,13 082,13 109,13 137,13 165,13 163,13 161,13 159,13 156,13 154,13 152,13 150,13 147,13 145,13 142,13 221,13 312,13 382,13 445,13 500,13 547,13 590,13 637,13 767,13 912,14 074,14 239,14 396,14 541,14 703,14 988,15 252,15 412,15 566,15 721,15 898,16 098,16 347,16 647,16 967,17 282,17 587,17 872,18 151,18 390,18 642,18 895,19 151,19 426,19 714,19 993,20 266,20 565,20 834,21 094,21 344,21 574,21 790,22 030,22 295,22 561,22 826,23 096,23 371,23 640,23 904,24 165,24 461,24 799,25 147,25 499,25 843,26 180,26 507,26 826,27 124,27 395,27 654,27 907,28 152,28 382,28 598,28 805,29 013
,,,,,,,,,,,,,,,,,,,,,,,,,,,,,,,,,,,,,,,,,,,,,,,,,,,,,,,,,,,,,,,,,,,,,,,,,,,,,,,,,,,,,,,,,,,,,,,,,,,,,,,,,,,,,,,,,,,,,,,,,,,,,,,,,,,,,,,,,,,,,,,,,,,,,,,,,,,,,,,,,,,,,,,,,,,,,,,,,,,,,,,,,,,,,,,,,,,,,,,,,,,,,,,,,,,,,,,,
A.c. Séries financières,,,,,,,,,,,,,,,,,,,,,,,,,,,,,,,,,,,,,,,,,,,,,,,,,,,,,,,,,,,,,,,,,,,,,,,,,,,,,,,,,,,,,,,,,,,,,,,,,,,,,,,,,,,,,,,,,,,,,,,,,,,,,,,,,,,,,,,,,,,,,,,,,,,,,,,,,,,,,,,,,,,,,,,,,,,,,,,,,,,,,,,,,,,,,,,,,,,,,,,,,,,,,,,,,,,,,,,,
Taux d'intérêt à long terme,"20,0%","10,2%","9,5%","9,8%","9,2%","8,8%","7,9%","6,5%","6,1%","6,5%","6,4%","6,4%","6,3%","7,5%","8,2%","8,3%","8,9%","8,1%","7,3%","7,5%","6,8%","6,0%","5,7%","5,9%","5,1%","5,1%","4,6%","4,3%","4,3%","3,8%","4,1%","5,1%","4,5%","4,0%","4,0%","3,8%","3,8%","3,8%","3,8%","3,8%","3,8%","3,9%","3,8%","3,8%","3,7%","3,6%","3,7%","4,0%","6,6%","5,7%","5,4%","5,4%","4,1%","3,9%","4,4%","4,6%","4,4%","4,5%","4,3%","4,5%","4,4%","4,5%","4,4%","4,5%","4,6%","4,5%","4,5%","4,4%","4,4%","4,3%","4,8%","5,7%","5,6%","5,4%","5,0%","4,7%","4,5%","4,3%","4,1%","3,8%","3,6%","3,6%","3,7%","3,9%","3,9%","3,8%","3,7%","3,8%","3,7%","3,6%","3,3%","3,2%","3,1%","3,1%","3,0%","3,0%","3,0%","2,9%","3,0%","3,0%","3,0%","3,0%","3,0%","3,1%","3,1%","3,1%","3,1%","3,2%","3,2%","3,1%","3,1%","3,2%","3,3%","3,5%","3,7%","4,4%","4,9%","5,0%","5,1%","5,2%","5,9%","6,7%","6,4%","6,3%","6,7%","7,6%","8,9%","7,4%","6,0%","5,4%","4,7%","4,7%","5,2%","5,8%","6,1%","5,7%","6,3%","6,7%","6,9%","5,7%","5,9%","4,5%","3,8%","3,8%","3,8%","3,6%","4,4%","5,0%","5,9%","6,8%","7,0%","7,0%","6,7%","6,4%","6,4%","6,0%","6,3%","6,5%","6,7%","5,9%","5,8%","5,6%","5,7%","5,3%","5,5%","6,2%","6,6%","6,8%","7,2%","8,3%","8,8%","8,5%","8,1%","8,9%","10,9%","10,5%","10,4%","11,0%","10,7%","10,6%","13,9%","16,4%","16,6%","14,6%","13,3%","11,7%","8,8%","9,6%","9,1%","8,8%","9,9%","9,0%","8,6%","6,9%","7,4%","7,6%","6,4%","5,6%","4,7%","4,7%","5,5%","5,0%","4,9%","4,2%","4,2%","3,5%","3,9%","4,4%","4,3%","3,7%","3,2%","3,4%","2,6%","2,3%","1,7%","0,9%"
Taux d'intérêt à court terme,"6,0%","6,0%","6,0%","6,0%","6,0%","6,0%","6,5%","5,4%","4,0%","4,0%","4,0%","4,0%","4,0%","4,0%","4,5%","4,4%","5,0%","5,0%","5,0%","5,0%","4,0%","4,0%","4,0%","4,0%","4,0%","4,0%","4,0%","4,0%","4,0%","4,0%","4,0%","4,0%","4,0%","4,0%","4,0%","4,0%","4,0%","4,0%","4,0%","4,0%","4,0%","4,0%","4,0%","4,0%","4,0%","4,0%","4,0%","5,0%","4,0%","4,0%","4,0%","4,0%","3,2%","3,2%","4,3%","4,4%","5,5%","6,2%","3,7%","3,5%","3,6%","5,5%","3,8%","4,6%","6,5%","3,7%","3,7%","2,7%","2,5%","2,5%","4,0%","5,7%","5,2%","5,2%","4,3%","4,0%","3,4%","2,3%","2,2%","2,6%","2,8%","3,8%","3,8%","3,1%","3,0%","3,0%","3,0%","3,0%","3,1%","3,2%","3,0%","3,0%","2,7%","2,5%","2,5%","2,1%","2,0%","2,0%","2,2%","3,1%","3,3%","3,0%","3,0%","3,0%","3,0%","3,0%","3,0%","3,5%","3,0%","3,0%","3,0%","3,1%","3,4%","4,0%","4,2%","5,0%","5,0%","5,0%","5,0%","5,0%","5,7%","5,8%","5,1%","5,0%","6,0%","6,5%","6,6%","5,2%","3,5%","3,0%","2,1%","1,3%","0,7%","1,4%","1,6%","2,7%","3,1%","3,2%","2,2%","1,6%","1,7%","1,7%","1,6%","1,6%","1,6%","1,4%","1,3%","1,6%","2,1%","2,3%","2,5%","2,7%","3,8%","4,0%","3,6%","3,2%","3,2%","5,3%","6,5%","4,1%","4,1%","3,6%","3,6%","4,0%","4,7%","4,2%","4,8%","4,8%","6,2%","9,0%","8,7%","5,8%","5,0%","8,9%","12,9%","7,9%","8,6%","9,1%","8,0%","9,0%","11,8%","15,3%","14,9%","12,5%","11,7%","9,9%","7,7%","8,0%","7,5%","9,1%","10,0%","9,5%","10,4%","8,7%","5,7%","6,4%","3,7%","3,2%","3,4%","2,7%","4,1%","4,4%","3,3%","2,3%","2,0%","2,1%","2,8%","3,9%","3,9%","0,7%","0,4%","0,9%","0,2%","0,1%","0,1%","-0,1%"
"Valeur d'un investissement en actions, dividendes réinvestis (€, base 2000) (après correction en juin 2017 d'une erreur de statut fiscal dans les valeurs 2010 et suivantes)",,,"3,32648081642798E-08","3,63409090176327E-08","3,93224554137961E-08","4,74272902602084E-08","4,66032958677918E-08","5,44729138551851E-08","5,81111579453764E-08","5,97175379561809E-08","6,50959440482711E-08","6,73196794128939E-08","7,06524782398019E-08","6,44388309141373E-08","6,39685625760748E-08","6,88620000840229E-08","7,8828881022475E-08","1,02686715205251E-07","1,27066661332447E-07","1,25885921591316E-07","1,2919973580623E-07","1,46058856223015E-07","1,58985946719565E-07","1,6359444251176E-07","2,12993815710035E-07","2,44759036365784E-07","2,39729215064651E-07","2,42800137105948E-07","2,33806947064003E-07","2,40007478670306E-07","2,48802586664353E-07","2,27626399453507E-07","2,49482664710345E-07","2,71948545375042E-07","2,92212113471154E-07","3,40215279455128E-07","4,01423182557007E-07","4,59462573758393E-07","5,08832114061162E-07","5,42364220966316E-07","6,46869076621462E-07","6,8543577782659E-07","7,31512854587309E-07","7,70248658531118E-07","8,17620495921539E-07","8,93569235831778E-07","9,25741557682987E-07","8,84411758184684E-07","5,22393642873409E-07","7,01874708478823E-07","7,41221564475094E-07","7,74683670246377E-07","1,07853936831526E-06","1,17649271576211E-06","1,20882122496156E-06","1,40346910949078E-06","1,80940024049792E-06","2,12056699395013E-06","2,35034971390677E-06","2,27219349316483E-06","2,41193566994721E-06","2,58294785099675E-06","2,99508939938505E-06","3,36089144595334E-06","3,46959422075408E-06","3,8513892407764E-06","4,00971914948248E-06","4,01190862933074E-06","3,98089415898643E-06","3,90806175125472E-06","3,76003592794431E-06","4,38297396697632E-06","5,6053958913147E-06","6,36414286204547E-06","6,33270239566265E-06","6,94976976196059E-06","7,06752708081038E-06","6,62549979052736E-06","7,06267261973044E-06","7,42918421429722E-06","8,4503989444943E-06","1,28335134745702E-05","1,29688297652027E-05","1,34730630280477E-05","1,3480839812239E-05","1,38988586117489E-05","1,27722818178891E-05","1,30853839896133E-05","1,25859521752109E-05","1,35594782456544E-05","1,50233212684424E-05","1,63684777022701E-05","1,60613789946147E-05","1,59387520771843E-05","1,61939338543804E-05","1,58419760663841E-05","1,63072088168869E-05","1,75690193562175E-05","1,81767458244349E-05","2,01785890591439E-05","2,07429074273642E-05","2,00848392927542E-05","2,07335545446377E-05","2,14453893475073E-05","2,22399642388307E-05","2,3417650733363E-05","2,47718704727377E-05","2,59045392712762E-05","2,77321146870566E-05","2,95937661121039E-05","3,10294704524372E-05","3,12586744943305E-05","3,39967642778384E-05","3,78234434537063E-05","3,63222225894181E-05","3,7578577314253E-05","4,21854781127065E-05","4,60003594395078E-05","4,80815581525633E-05","5,57135956848109E-05","7,02464722069296E-05","5,4666009375871E-05","5,94803695288654E-05","8,98489571833759E-05","0,000112502856215","0,000111610446559","0,000134888570787","0,000172482543668","0,000259209771368","0,000325007622333","0,000288245075223","0,000208661259345","0,000172657053806","0,000171246130629","0,000149022724333","0,00014832295794","0,000149282613474","0,000195437053421","0,000186272630238","0,000212426291239","0,000310417855399","0,00061248318832","0,001030966185093","0,001178833896193","0,001234811982818","0,001003102512374","0,001278110396794","0,001687165983463","0,001855553510608","0,001686366791468","0,001592268991668","0,002063821305904","0,00282949881958","0,003282611789233","0,004682170445176","0,006884208234618","0,007244806541563","0,009460422966872","0,008736658355137","0,011221226892093","0,013841879783142","0,016590245586936","0,018320355911663","0,017018556269007","0,014957186832463","0,014090502548929","0,013921245783873","0,013072566047751","0,014556673896154","0,018579506009108","0,019809588927907","0,019900007199018","0,022897533743596","0,025532039771124","0,021571276849687","0,023060106866086","0,024242195196042","0,021297645329188","0,028322902991357","0,036988551350153","0,042731133943653","0,039659094254905","0,041906103924887","0,058084419842083","0,082706662280168","0,108852969465615","0,176664504075138","0,202876426689302","0,179487604559183","0,25034481653332","0,25395764032232","0,252154047228039","0,259694685474947","0,287640251541137","0,311726484585444","0,28174574889213","0,33301808231181","0,438271358111832","0,582316156209199","0,720674266302505",1,"0,818","0,649","0,557","0,679","0,820","1,020","1,186","0,917","0,743","0,881","0,894","0,883","1,090","1,249","1,444"
"Valeur d'un investissement en obligations, intérêts réinvestis (€, base 2000)","4,63731881715722E-06","9,45712069969779E-06","1,09715072182845E-05","1,17660310495167E-05","1,36665479613881E-05","1,5572282447094E-05","1,86768206023965E-05","2,44400272062325E-05","2,71704508712131E-05","2,75629733155924E-05","2,96936851797528E-05","3,16247250392286E-05","3,37658490358994E-05","3,09808573136109E-05","3,14550428701212E-05","3,2700051002968E-05","3,30019776720116E-05","3,93150106400195E-05","4,65233242615138E-05","4,87692226606917E-05","5,70309196742978E-05","6,88808509434465E-05","7,67121156637549E-05","7,8753888100007E-05","9,57861058633565E-05","9,91156477064292E-05","9,91386662080215E-05","0,000108321597149","0,000116276649548","0,000130490797411","0,000127660778063","0,000113361603816","0,000131392178545","0,00014968431426","0,000159262037955","0,000171037601243","0,000178478833498","0,000186167714769","0,000196175695262","0,000205490427823","0,000215610958332","0,000224001946361","0,000240784126486","0,000255260423283","0,000267730009131","0,000278383419821","0,000288333611118","0,000285894860291","0,000193480000646","0,000231337111809","0,000262339350797","0,000276402772877","0,00034404808665","0,000364926971603","0,000351167756485","0,000352672047988","0,000378245703335","0,000388038191934","0,000420278874026","0,000430868115195","0,000458437688544","0,000477921776724","0,000508127802576","0,000522574967208","0,000529103452425","0,000569730611476","0,000598101958812","0,00063572453874","0,000676302911801","0,000719167788822","0,000678440327595","0,000617324858793","0,000650709478556","0,00071210003269","0,000808347084633","0,000910144069671","0,000993159499099","0,001056763168557","0,00116176877941","0,001279557604687","0,001378007720582","0,001430977754543","0,001447385103712","0,001453930974332","0,001483368839585","0,001569000304852","0,00165488454389","0,001695917361327","0,001755385581373","0,001855141805445","0,002010058444605","0,002125130404674","0,002246219908768","0,002331844263774","0,002465790878484","0,002560181613269","0,002624688594592","0,002736653944156","0,002808050968373","0,002829766348629","0,002906712493764","0,003005395764645","0,003085777746239","0,003101141803811","0,003180415733165","0,003340687880508","0,00338186508653","0,003389690241379","0,003549152666443","0,003719593698206","0,003841444675321","0,003865451745395","0,003862495995271","0,003759216239759","0,003723448960697","0,003229815130755","0,003042246845511","0,003128136822851","0,003267299400041","0,003410913732982","0,003425172198139","0,003446430179053","0,003744124799487","0,004019360910023","0,004146922675515","0,004202425510787","0,004180431580812","0,004966559072459","0,005796280574773","0,006417457191006","0,007071311091354","0,007408054146775","0,007463008420393","0,007562324105775","0,007868366456976","0,00856315769447","0,008664164090763","0,009018905171405","0,009474028943434","0,010926758929919","0,011401451993801","0,01324381200558","0,014586810705488","0,015122850732991","0,015668754077639","0,016438770734048","0,016157693955885","0,016149489572723","0,015981190988335","0,015890319750464","0,016801292956217","0,017968126466941","0,019666140990101","0,021269876722465","0,022697466075567","0,024743683148301","0,025736319962925","0,027077318675236","0,02846461145406","0,031796010605614","0,033943528574818","0,036276860704688","0,03828590924409","0,0412981946559","0,04298041878982","0,043346459221547","0,044989403691653","0,047315166079509","0,049437838449879","0,049610991978537","0,051997915829927","0,057465682345375","0,063972124910782","0,066231145589556","0,064553763103236","0,073141863574372","0,080991449003894","0,086986993333353","0,098207569428571","0,108804234064296","0,102607322942433","0,105326077562736","0,121598300975493","0,153570910628298","0,186024823690405","0,226868967566677","0,294096286630862","0,306149411282806","0,344499135595461","0,381853137007846","0,389915660727084","0,449630104303335","0,502615243397583","0,601417054748493","0,625807620935432","0,662298302085988","0,765950923973626","0,855014219310441","0,959077465490211","1,00633811044636",1,"1,083","1,147","1,267","1,322","1,447","1,454","1,457","1,526","1,662","1,790","1,819","1,996","2,099","2,245","2,441"
"Valeur d'un investissement au marché monétaire, intérêts réinvestis (€, base 2000) (*)","0,00015348041099","0,00016268923565","0,000172450589788","0,000182797625176","0,000193765482686","0,000205391411648","0,000218741853405","0,000230553913488","0,000239776070028","0,000249367112829","0,000259341797342","0,000269715469236","0,000280504088005","0,000291724251526","0,000304793497994","0,000318112973856","0,000334018622549","0,000350719553677","0,00036825553136","0,000386668307928","0,000402173707076","0,000418260655359","0,000434991081574","0,000452390724837","0,00047048635383","0,000489305807983","0,000508878040303","0,000529233161915","0,000550402488391","0,000572418587927","0,000595315331444","0,000619127944702","0,00064389306249","0,00066964878499","0,000696434736389","0,000724292125845","0,000753263810879","0,000783394363314","0,000814730137846","0,00084731934336","0,000881212117095","0,000916460601778","0,00095311902585","0,000991243786884","0,001030893538359","0,001072129279893","0,001115014451089","0,001170207666418","0,001217015973075","0,001265696611998","0,001316324476477","0,001368977455537","0,001412374040877","0,001457993722397","0,00152068745246","0,00158820597535","0,001675716124591","0,001778772666254","0,001844587254905","0,001908225515199","0,001977494101401","0,002086651775799","0,002165318547746","0,002265789328362","0,002413065634705","0,002502831676316","0,002594685598837","0,002665001578565","0,00273162661803","0,00279991728348","0,002911633983091","0,003077888283526","0,003236399530127","0,003403074105929","0,003549406292484","0,003691382544183","0,003816889550685","0,003903914632441","0,003989019971428","0,004091936686691","0,004206920107587","0,004368465839718","0,004534467541628","0,00467412914191","0,004814353016167","0,004958783606652","0,005107547114852","0,005260773528297","0,005423857507674","0,005595251404917","0,005763108947064","0,005936002215476","0,006096274275294","0,006248681132176","0,006404898160481","0,006539401021851","0,006670189042288","0,006803592823134","0,006953271865243","0,007166041984319","0,00739893834881","0,007620906499274","0,007849533694252","0,00808501970508","0,008327570296232","0,008577397405119","0,008834719327272","0,009139517144063","0,009417358465243","0,0096998792192","0,009990875595776","0,010303590001924","0,010650820984989","0,011076853824388","0,011544297055778","0,012121511908567","0,012727587503995","0,013363966879195","0,014032165223154","0,014733773484312","0,015578018704963","0,01647998598798","0,017322113271966","0,018188218935565","0,019277693249805","0,020536526619017","0,021887830070548","0,023030374800231","0,023843347030679","0,024568184780412","0,025081659842323","0,025405213254288","0,02559321183237","0,025946398155657","0,02637191908541","0,027070774941173","0,027909968964349","0,028789132986726","0,02941097825924","0,029869789520084","0,030383549899829","0,030890955183156","0,031391388657124","0,0319062074311","0,032416706749998","0,032864057303148","0,033291290048089","0,033813963301844","0,034520675134852","0,0353008423929","0,036183363452723","0,037160314265946","0,038569928853768","0,040129439643755","0,041571424174954","0,042885081178882","0,04425097101443","0,046617660447518","0,04964081572754","0,051662437948044","0,053771556977273","0,055731978325402","0,057744831609255","0,060069542288457","0,062912833956778","0,065557794351044","0,068689817976165","0,071985211993572","0,07644709538364","0,083310133371706","0,090545549029928","0,095841030010319","0,100597859932306","0,109562722051723","0,123707908584479","0,133500523538103","0,144925498342494","0,158069516414666","0,170682805201572","0,186115944447898","0,208161222971131","0,240011624762572","0,275700753335704","0,310263289025752","0,346695438634119","0,381150695825168","0,410658525106887","0,443411588201556","0,47677653656737","0,52002465807975","0,571795106219445","0,626061892570308","0,690869524128913","0,75131502296154","0,79412031986058","0,844574158792682","0,876065373164505","0,904435144154587","0,934786480200508","0,960391839870667",1,"1,044","1,078","1,103","1,126","1,149","1,182","1,228","1,275","1,284","1,290","1,301","1,304","1,305","1,307","1,306"
"Prix de l'or (€, base 2000)",,,,"0,000547690434575","0,000547690434575","0,000547690434575","0,000547690434575","0,000547690434575","0,000547690434575","0,000547690434575","0,000547690434575","0,000547690434575","0,000547690434575","0,000547690434575","0,000547690434575","0,000547690434575","0,000547690434575","0,000547690434575","0,000547690434575","0,000547690434575","0,000547690434575","0,000547690434575","0,000547690434575","0,000547690434575","0,000547690434575","0,000547690434575","0,000547690434575","0,000547690434575","0,000547690434575","0,000547690434575","0,000547690434575","0,000547690434575","0,000547690434575","0,000547690434575","0,000547690434575","0,000547690434575","0,000547690434575","0,000547690434575","0,000547690434575","0,000547690434575","0,000547690434575","0,000547690434575","0,000547690434575","0,000547690434575","0,000547690434575","0,000547690434575","0,000547690434575","0,000547690434575","0,000547690434575","0,000547690434575","0,000547690434575","0,000547690434575","0,000547690434575","0,000547690434575","0,000547690434575","0,000547690434575","0,000547690434575","0,000547690434575","0,000547690434575","0,000547690434575","0,000547690434575","0,000547690434575","0,000547690434575","0,000547690434575","0,000547690434575","0,000547690434575","0,000547690434575","0,000547690434575","0,000547690434575","0,000547690434575","0,000547690434575","0,000547690434575","0,000547690434575","0,000547690434575","0,000547690434575","0,000547690434575","0,000547690434575","0,000547690434575","0,000547690434575","0,000547690434575","0,000547690434575","0,000547690434575","0,000547690434575","0,000547690434575","0,000547690434575","0,000547690434575","0,000547690434575","0,000547690434575","0,000547690434575","0,000547690434575","0,000547690434575","0,000547690434575","0,000547690434575","0,000547690434575","0,000547690434575","0,000547690434575","0,000547690434575","0,000547690434575","0,000547690434575","0,000547690434575","0,000547690434575","0,000547690434575","0,000547690434575","0,000547690434575","0,000547690434575","0,000547690434575","0,000547690434575","0,000547690434575","0,000547690434575","0,000547690434575","0,000547690434575","0,000547690434575","0,000547690434575","0,000547690434575","0,000547690434575","0,000547690434575","0,000547690434575","0,000547690434575","0,000547690434575","0,000575074956304","0,001232303477794","0,001664978921109","0,001287072521252","0,001577348451576","0,002267438399141","0,001955254851433","0,002815128833716","0,002661775512035","0,002697375390283","0,002697375390283","0,002697375390283","0,002697375390283","0,002697375390283","0,002697375390283","0,002697375390283","0,002697375390283","0,002697375390283","0,003833833042026","0,005214012937156","0,006709207823546","0,007519789666717","0,03858479111582","0,072623751624667","0,083002485359866","0,101623960135422","0,112495615261739","0,147191804292076","0,092011993008628","0,127885716473301","0,12459957386585","0,10077503996183","0,117753443433661","0,111728848653334","0,100501194744543","0,075033589536798","0,072021292146634","0,088452005183889","0,101870420830981","0,098858123440817","0,097488897354379","0,100227349527255","0,10762117039402","0,111455003436046","0,113919610391634","0,115014991260785","0,121861121692974","0,126516490386863","0,136101072991929","0,159377916461373","0,196620866012484","0,158830226026798","0,166224046893563","0,187310128624707","0,307802024231243","0,708163731905689","0,679136138873205","0,625188631067551","0,667634639747127","0,727059051898532","1,01733498222337","2,03877764270605","2,33699508433223","1,7312494636921","1,88405509493857","1,69893572805216","1,52641324116099","1,48013339943938","1,45083196118961","1,38346603773687","1,23887576300902","1,1268730691384","1,06835234620405","0,925843295127588","1,03020570743589","1,08100399524273","0,973957899805017","1,00008273353425","0,979325266063853","0,893940327313585","0,866657304958223",1,"1,006","1,086","1,061","1,085","1,177","1,570","1,661","1,957","2,297","3,048","3,748","4,284","3,497","3,085","3,340"
,,,,,,,,,,,,,,,,,,,,,,,,,,,,,,,,,,,,,,,,,,,,,,,,,,,,,,,,,,,,,,,,,,,,,,,,,,,,,,,,,,,,,,,,,,,,,,,,,,,,,,,,,,,,,,,,,,,,,,,,,,,,,,,,,,,,,,,,,,,,,,,,,,,,,,,,,,,,,,,,,,,,,,,,,,,,,,,,,,,,,,,,,,,,,,,,,,,,,,,,,,,,,,,,,,,,,,,,
A.d. Séries immobilières,,,,,,,,,,,,,,,,,,,,,,,,,,,,,,,,,,,,,,,,,,,,,,,,,,,,,,,,,,,,,,,,,,,,,,,,,,,,,,,,,,,,,,,,,,,,,,,,,,,,,,,,,,,,,,,,,,,,,,,,,,,,,,,,,,,,,,,,,,,,,,,,,,,,,,,,,,,,,,,,,,,,,,,,,,,,,,,,,,,,,,,,,,,,,,,,,,,,,,,,,,,,,,,,,,,,,,,,
"Indice du prix des logements, France (€, base 2000)",,,,,,,,,,,,,,,,,,,,,,,,,,,,,,,,,,,,,,,,,,,,,,,,,,,,,,,,,,,,,,,,,,,,,,,,,,,,,,,,,,,,,,,,,,,,,,,,,,,,,,,,,,,,,,,,,,,,,,,,,,,,,,,,,,,,,,,,,"0,000680521795783","0,000815331826299","0,000791554671568","0,000761264995042","0,000798096462607","0,000855728525869","0,001146757614887","0,001711544275713","0,002021972366259","0,002193727556006","0,002736715207548","0,003362287296504","0,004180089054215","0,005205719391374","0,005534178551731","0,006246498960899","0,007438476435518","0,008407558744839","0,009556237064307","0,011626722987266","0,014973825916465","0,018739247583713","0,023254262764161","0,028577396109777","0,035021871832126","0,04026118309899","0,047063133055883","0,057974115333846","0,071203809693381","0,086195802170487","0,095073266198565","0,100542247448421","0,108127008052746","0,119434171715084","0,124319310182989","0,131725055558326","0,143673292847983","0,158893461166967","0,182414164233926","0,204174740027399","0,236595167815327","0,27262613806294","0,304425856602445","0,344392829037056","0,412668149650851","0,458092111665591","0,483791003843418","0,50851266682631","0,528351026855134","0,545782469758347","0,571130230982918","0,611728693242996","0,677761687520089","0,75950056006158","0,826407234113268","0,869413946657647","0,84882452124942","0,836591320843181","0,835043807614825","0,827433146756823","0,834695747873196","0,849451359109658","0,858987530749018","0,91980198019802",1,"1,079","1,172","1,312","1,510","1,743","1,952","2,080","2,100","1,950","2,050","2,171","2,160","2,114","2,077","2,039"
"Indice du prix des logements, Paris (€, base 2000)",,,,,,,,,,,,,,,,,,,,,,,,,,,,,,,,,,,,,,,,,"8,0157904721124E-05","8,16478286006988E-05","8,31377524802736E-05","8,16478286006988E-05","8,7309539343083E-05","9,44611739650421E-05","9,32692348613822E-05","9,44611739650421E-05","9,74410217241917E-05","8,46276763598484E-05","8,61176002394232E-05","9,02893871022326E-05","9,02893871022326E-05","9,17793109818074E-05","0,000106082580226","0,000108764443209","0,00011889592559","0,000134689118714","0,000140350829456","0,00015316417482","0,000151972235717","0,000148992387957","0,000150482311837","0,000159123870339","0,00015316417482","0,000163295657201","0,000176109002566","0,000174917063462","0,000194882043448","0,00020352360195","0,000190710256586","0,000174917063462","0,000170447291823","0,000164785581081","0,000146012540198","0,000150482311837","0,000159123870339","0,000168957367944","0,000176109002566","0,000200543754191","0,000217826871194","0,000230640216558","0,000223488581936","0,000227958353575","0,000214847023435","0,000214847023435","0,000212165160451","0,000213357099555","0,000212165160451","0,000221998658057","0,000224978505816","0,000224978505816","0,000224978505816","0,000232130140438","0,000226468429695","0,000217826871194","0,000219316795073","0,000224978505816","0,000224978505816","0,000233620064317","0,000246433409682","0,000246433409682","0,000247923333561","0,000252095120424","0,00025090318132","0,000247923333561","0,00025090318132","0,000253585044304","0,000256564892063","0,000262226602805","0,00027503994817","0,000283681506671","0,00028666135443","0,000289343217413","0,000297984775915","0,000314463196703","0,000350166441743","0,000332314819223","0,000324075608829","0,000326822012294","0,000324075608829","0,000344673634814","0,000380376879855","0,000440797756077","0,000484740211511","0,000546534289466","0,000606955165689","0,000638538805532","0,000648151217658","0,000679734857502","0,000784098189159","0,00083216024979","0,000869236696563","0,000863743889634","0,000847265468846","0,000803323013411","0,000767619768371","0,000749768145851","0,000747021742386","0,000771739373568","0,000869236696563","0,00103264770271","0,001259225988544","0,001359469715004","0,001373201732327","0,00150214154015","0,001643188435847","0,001797479241158","0,001966257522211","0,002150883612519","0,002352845577116","0,003275570937646","0,004144239438744","0,005124086286976","0,006694986929296","0,008900231378805","0,012774658871806","0,019145358601267","0,022781725628183","0,024489395076044","0,030023110530498","0,037208982128065","0,044495653785398","0,05790580408855","0,068273763222512","0,082808691987686","0,087771052543383","0,084448959701079","0,097984592632971","0,112167238965476","0,116475417358801","0,123425588418143","0,134448051357365","0,148112550035446","0,174720448948121","0,187970014073225","0,21695295710988","0,242734701409183","0,252830791785553","0,290016348241623","0,339847831353659","0,38683140423469","0,395464379313651","0,411616592401707","0,438968152798324","0,485771917405218","0,543155355764778","0,635372612611315","0,787057804853027","0,96438731027554","1,13372690900377","1,15207031873457","1,036188582867","0,966302374428343","0,955484171224809","0,893361996704106","0,82042418220602","0,791075982204828","0,802375792302294","0,879910213243547",1,"1,093","1,190","1,340","1,520","1,737","1,933","2,113","2,262","2,148","2,392","2,842","2,906","2,872","2,822","2,776"
"Valeur d'un investissement en logement locatif, Paris (€, base 2000)",,,,,,,,,,,,,,,,,,,,,,,,,,,,,,,,,,,,,,,,,"5,14682089859438E-07","5,42309038186975E-07","5,71228657263329E-07","5,8031774464035E-07","6,41937005278689E-07","7,18445051297068E-07","7,3381762232606E-07","7,68798567714428E-07","8,20371491570052E-07","7,37039309495773E-07","7,75853382611211E-07","8,41460913797843E-07","8,70449242278178E-07","9,15294902151141E-07","1,09438423670379E-06","1,16039735552668E-06","1,31183978116595E-06","1,53688145706931E-06","1,65665603530527E-06","1,87018281860057E-06","1,91955528116283E-06","1,9467489809793E-06","2,03341191867831E-06","2,22366458161097E-06","2,21382309606685E-06","2,44124927193726E-06","2,72314534819368E-06","2,79752010359348E-06","3,22377435765727E-06","3,48224533448454E-06","3,37497382374142E-06","3,20127196296326E-06","3,22607554901906E-06","3,22550464080674E-06","2,9553155492147E-06","3,14944766435872E-06","3,44365403512575E-06","3,78091187213442E-06","4,07508071913966E-06","4,79842861171351E-06","5,38935249282932E-06","5,90058964050646E-06","5,91222500864447E-06","6,23571653854996E-06","6,07708671611423E-06","6,28392036249718E-06","6,41668382458912E-06","6,67235136450597E-06","6,86090045859807E-06","7,42322520821813E-06","7,77890655305473E-06","8,04366163758795E-06","8,31742766142325E-06","8,87390504894617E-06","8,952125275402E-06","8,903590444788E-06","9,26959695094966E-06","9,83252880543111E-06","1,0167178923324E-05","1,09170378604712E-05","1,19077443556522E-05","1,23130244347968E-05","1,28090758406699E-05","1,34679058839223E-05","1,38604407365177E-05","1,41611431629097E-05","1,4818256799969E-05","1,54854782905113E-05","1,61997477963413E-05","1,71197655289144E-05","1,85663648027578E-05","1,98003179942348E-05","2,06880866741193E-05","2,15910877866167E-05","2,29913954625818E-05","2,58237457045594E-05","3,04383462240387E-05","3,07065216833828E-05","3,18680523118686E-05","3,4129825608405E-05","3,6086920152447E-05","4,04265604841047E-05","4,68785516535407E-05","5,64758776116937E-05","6,45684510910641E-05","7,54942052629277E-05","8,69378891011407E-05","9,459946213842E-05","9,900287956899E-05","0,000107348822317","0,00012770559419","0,000139865307346","0,000151008488918","0,000155706765432","0,000158934927824","0,000160014121398","0,000163386739423","0,000167327938148","0,000183261382498","0,000203545085515","0,000247155463506","0,000312290576851","0,000399812186026","0,000451604256234","0,000471830895921","0,000516134499399","0,000564598087521","0,000617612271226","0,000675604338733","0,000739041699428","0,000808435651135","0,001125483265698","0,001423956991359","0,001760631498376","0,002300391564228","0,003058111598976","0,004389361445352","0,00657832821566","0,007827780697269","0,008414534403264","0,010315914119863","0,01324535127463","0,016402418147321","0,022095194836934","0,026954160253454","0,033810750099459","0,037109853906846","0,037208386035769","0,044851951392955","0,053227010031536","0,057344257011071","0,062978715793549","0,070910042481426","0,080618108576638","0,097638888720799","0,107830186951472","0,127559516032728","0,146061272418534","0,155635164868345","0,182386581920123","0,218117904085102","0,253275923667957","0,264440093075372","0,281619589323308","0,307562250704943","0,348136641754999","0,397648298760991","0,474212944485666","0,596921639820131","0,741232486657248","0,882167178613249","0,908613171854075","0,832069901583738","0,793436074283472","0,803658172902015","0,771850518654955","0,730545849574005","0,726308591995992","0,759841711747927","0,858063258150677",1,"1,119","1,246","1,434","1,659","1,930","2,183","2,423","2,632","2,542","2,876","3,460","3,585","3,594","3,585","3,584"
"Indice des loyers (€, base 2000)",,,,,,,,,,,,,,,,,,,,,,,,,,,,,,,,,,,,,,,,,,,,,,,,,,,,,,,,,,,,,,,,,,,,,,,,,,,,,,,,,,,,,,,,,,,,,,,,,,,,,,,,,,,,,,,,,,,,,,,,,,,,,,,,,,,,,,,,,,,,,,,,,,,,,,"0,013047499253542","0,017731216934301","0,02124400519487","0,027098652295818","0,030611440556387","0,034124228816956","0,037971568340437","0,042320734758284","0,045164420493031","0,052189997014169","0,059382849166762","0,069586662685558","0,07878682241562","0,08497602077948","0,094845283035364","0,099696276347579","0,109398262972007","0,11893297396498","0,131478646324156","0,142351562368774","0,155566337253772","0,167275631455669","0,176308515554275","0,184505021495603","0,19889072580079","0,212941878843066","0,233684057143569","0,257437196810274","0,279684855793878","0,301430687883115","0,332878506596781","0,374195587566331","0,422841013949954","0,463628332994684","0,50890599909021","0,548196535784675","0,58337092101591","0,615551741546614","0,650351931190283","0,692636032585278","0,730803982517044","0,765978367748279","0,804326450344149","0,845624385447394","0,882005899705015","0,906588003933137","0,930186823992134","0,950835791543756","0,963618485742379","0,983284169124877","1,00098328416912",1,"1,004","1,030","1,058","1,088","1,127","1,166","1,202","1,229","1,254","1,274","1,289","1,310","1,331","1,345","1,353"
"Indice du coût de la construction (ICC) (€, base 2000)",,,,,,,,,,,,,,,,,,,,,,,,,,,,,,,,,,,,,,,,,,,,,,,,,,,,,,,,,,,,,,,,,,,,,,,,,,,,,,,,,,,,,,,,,,,,,,,,,,,,,,,,,,,,,,,,,,,"0,000379782151115",,,"0,000900083698143","0,001055794380101","0,001203909419036","0,001526724247484","0,001431778709705","0,001367215744015","0,001484948210861","0,001591287213173","0,001720413144552","0,002244512513092","0,002350851515404","0,00236984062296","0,002681261986874","0,003004076815322","0,002966098600211","0,002814185739765","0,002548338233984","0,002483775268294","0,0020090475794","0,002195140833447","0,003353476394348","0,003710471616397","0,004006701694267","0,004234570984936","0,00474347906743","0,005882825520776","0,007269030372347","0,009471766848816","0,015962243811377","0,019338507134792","0,023918679877243","0,046322028971535","0,051999772130709","0,055338057239013","0,080209990315555","0,093882147755707","0,090084326244553","0,089981785063752","0,09408014571949","0,10591985428051","0,115482695810565","0,126138433515483","0,129326047358834","0,12959927140255","0,131876138433515","0,138706739526412","0,152094717668488","0,162386156648452","0,171493624772313","0,175774134790528","0,178779599271403","0,186976320582878","0,197632058287796","0,203096539162113","0,215209471766849","0,227868852459016","0,246812386156648","0,285974499089253","0,323132969034608","0,360655737704918","0,394626593806922","0,42896174863388","0,474681238615665","0,539617486338798","0,589890710382514","0,654098360655738","0,697632058287796","0,738888888888889","0,762295081967213","0,786885245901639","0,810109289617486","0,83287795992714","0,844535519125683","0,864754098360656","0,902094717668488","0,915573770491803","0,926047358834244","0,927413479052823","0,92695810564663","0,943306010928962","0,965846994535519","0,966985428051002","0,976775956284153",1,"1,036","1,062","1,093","1,146","1,174","1,256","1,306","1,406","1,368","1,384","1,459","1,496","1,482","1,485","1,476"
"Consommation effective des ménages en logement, eau, gaz, électricité et autres combustibles (milliards d'€)",,,,,,,,,,,,,,,,,,,,,,,,,,,,,,,,,,,,,,,,,,,,,,,,,,,,,,,,,,,,,,,,,,,,,,,,,,,,,,,,,,,,,,,,,,,,,,,,,,,,,,,,,,,,,,,,,,,,,,,,,,,,,,,,,,,,,,,,,,,,,,,,,,,,,,,,,,,,,,,,"2,7","3,0","3,4","4,0","4,8","5,2","5,9","6,7","7,8","9,0",11,12,14,15,17,20,22,26,30,34,39,48,55,63,71,80,88,91,96,102,110,118,128,136,143,148,155,162,166,172,177,183,191,197,207,218,230,243,252,264,267,277,281,294,302,301,307
"Montants de transactions immobilières (toutes transactions soumises aux droits de mutation) (par exception, ce montant inclut les donations à partir de 1970) (milliards d'€)",,,,,,,,,,,,,,,,,,,,,,,,,,,"0,001530740582081","0,001534399358495","0,001606660192665","0,001673280413198","0,001594006924234","0,001482109345582","0,001642485711716","0,001751944106092","0,001695995316766","0,001692031642318","0,001851188416314","0,001857438826021","0,001992813553327","0,001981684775069","0,002023150907758","0,002073306634429","0,002154714409634","0,002214169526356","0,002317834858078","0,002267374233372","0,002291918525147","0,002243897084717","0,001320208489276","0,001730448794662","0,001868415155262","0,001714898994904","0,002035041931102","0,002366466094576","0,002147244407789","0,002512359804073","0,00263721554919","0,002510987762917","0,002620751055328","0,002440403867936","0,002862535196667","0,002928240723096","0,002966200528388","0,002879609486597","0,002725940877222","0,002683255152396","0,00289714112358","0,002977481755664","0,003197465687537","0,003286800811639","0,002249537698355","0,001949518032432","0,003222924673416","0,002809787836703","0,002786463137065","0,002836161516685","0,003031906054818","0,00311895444366","0,003218046304865","0,003408912474446","0,003550842509494","0,003949801587604","0,003522791890322","0,003273690196156","0,002995013392646","0,002793780689893","0,00280109824272","0,002705360259895","0,002700481891343","0,002692554542447","0,002966810324457","0,002980225837974","0,002823813146289","0,002767407009911","0,00288220111989","0,002806281509306","0,002723044345895","0,002821069063978","0,002838295802926","0,002752619455239","0,002707189648102","0,002633251874742","0,002657033921431","0,002862840094701","0,002648496776466","0,002807348652427","0,002776096603893","0,003165756291952","0,002932814193613","0,003073829534558","0,003274757339277","0,003460897589324","0,00380101134678","0,003708474793317","0,002067208673739","0,000442102149988","0,000958599420389",,"0,004195244505356","0,011292356053827",,"0,010881981593306","0,011994854845668","0,014314790451203","0,018193016717051",,"0,016384393760228","0,011322171693842",,,,,,,,,,,,,,,,,,,"0,0780725307862","0,103724551235135","0,133617447485125",,,,,,,,,,,,,,,,,,,,,,"7,1","7,7","9,3","11,4","12,6","13,4","16,5","17,7","21,1","25,1","30,6","33,9","32,8","34,2","35,3","40,1","45,3","56,1","66,0","79,8","100,7","86,2","78,7","75,8","79,7","72,9","83,8","87,3","96,7","120,4","130,9","141,4","152,5","168,5","196,8","223,8","257,2","266,1","251,8","183,8","243,1","288,4","271,1","229,6","228,7","249,8"
Montants de transactions de logements anciens (milliards d'€),,,,,,,,,,,,,,,,,,,,,,,,,,,,,,,,,,,,,,,,,,,,,,,,,,,,,,,,,,,,,,,,,,,,,,,,,,,,,,,,,,,,,,,,,,,,,,,,,,,,,,,,,,,,,,,,,,,,,,,,,,,,,,,,,,,,,,,,,,,,,,,,,,,,,,,,,,,,,,,,,,,,,,,,"1,99",,,"2,48","2,85","3,67","4,28","4,64","5,18","6,97","7,33","8,75","11,14","13,39","13,94","14,49","16,39","17,55","19,48","22,22","27,81","30,75","35,61","39,77","36,83","35,26","35,40","40,96","37,92","46,37","50,80","55,38","66,59","77,23","81,61","90,60","100,89","115,43","131,50","148,07","155,56","129,91","106,37","148,92","160,67","141,52","140,13","133,72","155,59"
Nombre de transactions de logements anciens,,,,,,,,,,,,,,,,,,,,,,,,,,,,,,,,,,,,,,,,,,,,,,,,,,,,,,,,,,,,,,,,,,,,,,,,,,,,,,,,,,,,,,,,,,,,,,,,,,,,,,,,,,,,,,,,,,,,,,,,,,,,,,,,,,,,,,,,,,,,,,,,,,,,,,,,,,,,,,,,,,,,,,,,238 000,,,239 000,259 000,306 000,323 000,305 000,304 000,353 000,322 000,345 000,388 000,389 000,365 000,359 000,386 000,398 000,428 000,466 000,545 000,544 000,562 000,577 000,508 000,498 000,516 000,559 000,532 000,689 000,589 000,658 000,742 000,793 000,784 000,811 000,814 000,823 000,829 000,821 000,810 000,674 000,594 000,776 000,801 000,708 000,719 000,694 000,802 000
"Nombre de logements commencés (France métropolitaine, hors logements en résidence) (unités)",,,,,,,,,,,,,,,,,,,,,,,,,,,,,,,,,,,,,,,,,,,,,,,,,,,,,,,,,,,,,,,,,,,,,,,,,,,,,,,,,,,,,,,,,,,,,,,,,,,,,,,,,,,,,,,,,,,,,,,,10 000,10 000,20 000,20 000,40 000,80 000,80 000,110 000,80 000,111 000,122 000,199 000,145 000,138 000,117 000,119 000,116 000,86 000,73 000,67 000,57 000,,,,,,,,,61 700,75 575,91 922,138 285,128 498,191 845,269 429,282 412,320 935,305 705,307 634,318 385,337 563,339 326,343 953,377 710,429 377,444 869,425 050,435 805,434 288,499 308,481 737,516 694,558 403,536 350,533 419,505 571,493 105,476 131,440 103,429 132,397 350,398 592,343 954,332 727,282 228,283 549,286 880,301 568,321 903,335 550,305 899,294 772,272 404,252 585,297 200,283 393,272 204,271 006,313 060,323 011,320 100,319 200,325 200,346 700,398 600,448 300,474 400,470 700,383 300,333 600,398 900,414 600,372 200,360 600,327 700,331 700
"Dette immobilière des ménages, en fin d'année (milliards d'€)",,,,,,,,,,,,,,,,,,,,,,,,,,,,,,,,,,,,,,,,,,,,,,,,,,,,,,,,,,,,,,,,,,,,,,,,,,,,,,,,,,,,,,,,,,,,,,,,,,,,,,,,,,,,,,,,,,,,,,,,,,,,,,,,,,,,,,,,,,,,,,,,,,,,,,,,,,,,,,,,,,,,,,,,,,11 747,13 483,15 991,19 978,25 366,28 944,33 807,41 062,48 135,59 984,73 313,86 732,98 980,111 641,125 586,138 495,151 003,160 913,178 232,194 187,208 862,223 165,231 629,233 094,235 893,239 694,240 499,246 880,254 095,263 489,285 092,305 254,324 636,350 747,385 515,438 052,503 551,578 563,652 923,709 955,737 582,798 113,847 049,874 184,907 012,927 382,964 034
Durée des prêts pour l'achat d'une résidence principale dans l'ancien (années),,,,,,,,,,,,,,,,,,,,,,,,,,,,,,,,,,,,,,,,,,,,,,,,,,,,,,,,,,,,,,,,,,,,,,,,,,,,,,,,,,,,,,,,,,,,,,,,,,,,,,,,,,,,,,,,,,,,,,,,,,,,,,,,,,,,,,,,,,,,,,,,,,,,,,,,,,,,,,,,,,,,,,,,"9,7","11,8","12,0","12,9","12,9","13,7","14,3","13,9","14,1","14,5","14,9","15,0","14,7","15,2","14,0","13,4","14,3","14,2","14,4","13,7","14,8","14,2","14,0","13,8","13,8","13,9","13,1","13,7","13,8","13,6","13,9","14,6","14,9","16,0","15,5","16,9","17,6","18,2","18,6","20,7","21,1","19,9","19,1","20,0","20,6","19,4","19,8","19,6","19,8"
Durée des prêts pour l'achat d'une résidence principale dans le neuf (années),,,,,,,,,,,,,,,,,,,,,,,,,,,,,,,,,,,,,,,,,,,,,,,,,,,,,,,,,,,,,,,,,,,,,,,,,,,,,,,,,,,,,,,,,,,,,,,,,,,,,,,,,,,,,,,,,,,,,,,,,,,,,,,,,,,,,,,,,,,,,,,,,,,,,,,,,,,,,,,,,,,,,,,,"16,6","16,8","16,4","16,1","16,2","16,4","16,3","16,9","17,4","18,0","18,3","18,4","17,9","17,6","17,6","17,6","17,4","17,2","17,3","17,7","17,8","17,7","17,1","16,2","16,1","16,0","14,8","15,3","15,6","15,2","15,5","14,9","14,8","15,8","16,0","16,7","16,9","18,0","17,9","18,9","20,1","20,7","21,0","21,3","21,7","21,9","22,0",,
,,,,,,,,,,,,,,,,,,,,,,,,,,,,,,,,,,,,,,,,,,,,,,,,,,,,,,,,,,,,,,,,,,,,,,,,,,,,,,,,,,,,,,,,,,,,,,,,,,,,,,,,,,,,,,,,,,,,,,,,,,,,,,,,,,,,,,,,,,,,,,,,,,,,,,,,,,,,,,,,,,,,,,,,,,,,,,,,,,,,,,,,,,,,,,,,,,,,,,,,,,,,,,,,,,,,,,,,
B. Etats-Unis,,,,,,,,,,,,,,,,,,,,,,,,,,,,,,,,,,,,,,,,,,,,,,,,,,,,,,,,,,,,,,,,,,,,,,,,,,,,,,,,,,,,,,,,,,,,,,,,,,,,,,,,,,,,,,,,,,,,,,,,,,,,,,,,,,,,,,,,,,,,,,,,,,,,,,,,,,,,,,,,,,,,,,,,,,,,,,,,,,,,,,,,,,,,,,,,,,,,,,,,,,,,,,,,,,,,,,,,
"Indice des prix à la consommation ($, base 2000)","0,099","0,096","0,083","0,087","0,087","0,087","0,091","0,085","0,093","0,091","0,091","0,096","0,099","0,112","0,122","0,106","0,099","0,093","0,089","0,089","0,081","0,077","0,077","0,069","0,064","0,065","0,065","0,065","0,064","0,062","0,062","0,062","0,058","0,056","0,058","0,060","0,064","0,065","0,062","0,062","0,058","0,060","0,056","0,054","0,054","0,054","0,052","0,054","0,051","0,048","0,048","0,048","0,048","0,048","0,052","0,054","0,052","0,054","0,051","0,052","0,052","0,052","0,058","0,072","0,091","0,089","0,085","0,081","0,077","0,077","0,073","0,069","0,069","0,069","0,065","0,064","0,062","0,062","0,056","0,054","0,056","0,056","0,056","0,054","0,052","0,052","0,052","0,052","0,052","0,052","0,052","0,052","0,052","0,052","0,051","0,048","0,048","0,048","0,048","0,048","0,048","0,048","0,051","0,052","0,052","0,052","0,052","0,054","0,052","0,052","0,054","0,054","0,056","0,057","0,058","0,059","0,063","0,074","0,087","0,101","0,116","0,104","0,097","0,099","0,099","0,102","0,103","0,101","0,100","0,100","0,097","0,088","0,079","0,075","0,078","0,080","0,081","0,084","0,082","0,081","0,081","0,086","0,095","0,101","0,102","0,104","0,113","0,130","0,140","0,138","0,140","0,151","0,154","0,155","0,156","0,155","0,158","0,163","0,168","0,169","0,172","0,174","0,176","0,178","0,180","0,183","0,188","0,194","0,202","0,213","0,225","0,235","0,243","0,258","0,286","0,313","0,330","0,352","0,379","0,421","0,479","0,528","0,560","0,578","0,603","0,625","0,637","0,660","0,687","0,720","0,759","0,791","0,815","0,839","0,861","0,885","0,911","0,932","0,947","0,967","1,000","1,028","1,045","1,069","1,097","1,134","1,171","1,204","1,250","1,246","1,266","1,306","1,333","1,353","1,375","1,376"
Produit intérieur brut (milliards de $),,,"0,472","0,470","0,515","0,571","0,587","0,544","0,444","0,484","0,567","0,559","0,548","0,600","0,676","0,783","0,823","0,816","0,786","0,727","0,632","0,585","0,678","0,674","0,724","0,819","0,852","0,837","0,849","0,872","0,899","1,034","1,113","1,251","1,285","1,574","1,827","1,764","1,694","1,862","1,611","1,598","1,462","1,415","1,570","1,721","1,842","2,101","2,061","2,125","2,492","2,577","2,760","3,241","3,494","3,750","3,876","3,833","3,581","3,828","3,700","3,544","3,867","4,911","6,244","6,322","6,631","6,592","6,804","7,141","7,084","7,276","8,211","8,471","8,231","7,922","7,623","7,787","7,729","8,491","10,129","10,862","11,719","11,131","10,572","10,254","10,534","11,565","11,970","12,5","13,1","13,5","14,3","13,8","12,6","13,9","13,3","14,6","15,4","17,4","18,7","20,7","21,6","22,9","22,9","25,1","28,7","30,4","27,7","33,4","35,3","35,8","39,4","39,6","38,6","40,0","48,3","60,4","76,4","84,0","91,5","69,6","74,1","85,1","84,7","93,1","97,0","94,9","97,0","104,6","92,2","77,4","59,5","57,2","66,8","74,3","84,9","93,0","87,4","93,5","102,9","129,4","166,0","203,1","224,6","228,2","227,8","249,9","274,8","272,8","300,2","347,3","367,7","389,7","391,1","426,2","450,1","474,9","482,0","522,5","543,3","563,3","605,1","638,6","685,8","743,7","815,0","861,7","942,5","1 019,9","1 075,9","1 167,8","1 282,4","1 428,5","1 548,8","1 688,9","1 877,6","2 086,0","2 356,6","2 632,1","2 862,5","3 211,0","3 345,0","3 638,1","4 040,7","4 346,7","4 590,2","4 870,2","5 252,6","5 657,7","5 979,6","6 174,0","6 539,3","6 878,7","7 308,8","7 664,1","8 100,2","8 608,5","9 089,2","9 660,6",10 285,10 622,10 978,11 511,12 275,13 094,13 856,14 478,14 719,14 419,14 964,15 518,16 155,16 692,17 393,18 037
Revenu disponible des ménages (milliards de $),,,,,,,,,,,,,,,,,,,,,,,,,,,,,,,,,,,,,,,,,,,,,,,,,,,,,,,,,,,,,,,,,,,,,,,,,,,,,,,,,,,,,,,,,,,,,,,,,,,,,,,,,,,,,,,,,,,,,,,,,,54,63,68,70,75,74,77,81,84,75,65,50,46,53,60,68,73,67,72,78,96,122,139,152,156,166,175,195,195,215,237,251,266,272,292,312,330,341,361,377,394,418,438,476,513,554,593,644,696,762,830,900,1 006,1 098,1 219,1 326,1 457,1 630,1 809,2 018,2 251,2 425,2 617,2 904,3 099,3 288,3 466,3 770,4 052,4 312,4 485,4 800,5 000,5 244,5 533,5 830,6 149,6 561,6 876,7 401,7 752,8 099,8 486,9 002,9 401,10 037,10 507,10 994,10 943,11 238,11 801,12 404,12 396,13 023,13 520
Population (milliers),5 304,5 471,5 643,5 821,6 004,6 194,6 389,6 590,6 798,7 012,7 233,7 443,7 659,7 882,8 110,8 346,8 588,8 837,9 094,9 358,9 630,9 912,10 202,10 501,10 809,11 126,11 452,11 787,12 133,12 488,12 854,13 223,13 602,13 992,14 393,14 806,15 230,15 667,16 116,16 578,17 054,17 584,18 132,18 696,19 278,19 878,20 497,21 135,21 793,22 471,23 170,23 886,24 625,25 386,26 170,26 979,27 813,28 673,29 559,30 472,31 414,32 062,32 722,33 397,34 085,34 787,35 504,36 236,36 983,37 745,38 523,39 552,40 608,41 693,42 807,43 950,45 124,46 330,47 567,48 838,50 143,51 294,52 472,53 677,54 909,56 170,57 459,58 779,60 128,61 509,62 921,64 133,65 368,66 626,67 909,69 216,70 549,71 908,73 292,74 703,76 141,77 608,79 102,80 626,82 178,83 761,85 374,87 018,88 694,90 402,92 143,93 436,94 748,96 077,97 426,98 793,100 180,101 586,103 011,104 457,105 923,107 525,109 151,110 801,112 476,114 177,115 903,117 656,119 435,121 241,123 074,124 034,124 833,125 573,126 368,127 244,128 062,128 841,129 848,130 906,131 999,133 278,134 735,136 612,138 269,139 798,141 258,143 992,146 495,149 050,152 130,154 734,157 407,160 035,162 875,165 777,168 746,171 824,174 720,177 665,180 503,183 521,186 365,189 066,191 711,194 123,196 378,198 528,200 520,202 489,204 862,207 468,209 701,211 712,213 656,215 773,217 833,220 035,222 378,224 846,227 515,229 753,231 973,234 090,236 129,238 245,240 428,242 579,244 794,247 113,249 900,253 258,256 656,260 014,263 192,266 310,269 417,272 659,275 859,279 036,282 172,285 082,287 804,290 326,293 046,295 753,298 593,301 580,304 375,307 007,309 347,311 719,314 103,316 427,318 907,321 419
Nombre de ménages (milliers),,,,,,,,,,,,,,,,,,,,,,,,,,,,,,,,,,,,,,,,,,,,,,,,,,,3 525,3 658,3 796,3 940,4 088,4 243,4 403,4 569,4 741,4 920,5 106,5 301,5 503,5 713,5 931,6 157,6 393,6 637,6 890,7 153,7 426,7 630,7 841,8 057,8 279,8 507,8 741,8 982,9 229,9 484,9 745,9 985,10 232,10 484,10 743,11 008,11 279,11 557,11 842,12 134,12 434,12 722,13 018,13 320,13 629,13 946,14 269,14 601,14 940,15 287,15 641,16 018,16 404,16 800,17 204,17 619,18 044,18 478,18 924,19 380,19 847,20 216,20 591,20 974,21 364,21 761,22 165,22 577,22 997,23 425,23 860,24 355,24 861,25 377,25 903,26 441,26 990,27 550,28 121,28 705,29 301,29 761,30 229,30 703,31 186,31 676,32 173,32 679,33 192,33 713,34 243,34 899,35 567,36 249,36 943,37 651,38 372,39 107,40 532,42 182,43 554,44 673,45 538,46 385,46 962,47 874,48 902,49 673,50 474,51 435,52 799,53 557,54 764,55 270,56 149,57 436,58 406,59 236,60 813,62 214,63 401,64 778,66 676,68 251,69 859,71 120,72 867,74 142,76 030,77 330,80 776,82 368,83 527,83 918,85 407,86 789,88 458,89 479,91 124,92 830,93 347,94 312,95 669,96 426,97 107,98 990,99 627,101 018,102 528,103 874,104 705,108 209,109 297,111 278,112 000,113 343,114 384,116 011,116 783,117 181,117 538,119 927,121 084,122 459,123 229,124 587
Taux d'intérêt à long terme,"6,13%","5,63%","5,25%","5,06%","5,14%","5,36%","5,32%","5,29%","5,19%","5,02%","5,02%","5,09%","5,13%","5,03%","5,26%","5,29%","5,72%","5,27%","5,08%","5,17%","5,00%","4,93%","4,97%","5,00%","4,52%","4,52%","4,57%","4,61%","4,69%","4,77%","4,90%","4,95%","5,00%","4,87%","4,87%","4,83%","4,96%","4,95%","5,01%","5,21%","5,07%","4,99%","4,95%","4,88%","4,84%","4,86%","4,92%","5,14%","5,31%","5,31%","5,13%","5,08%","4,98%","4,99%","5,13%","5,16%","5,10%","5,19%","5,03%","4,81%","4,79%","5,04%","4,91%","4,37%","4,80%","5,51%","5,50%","5,34%","5,28%","5,37%","5,44%","5,32%","5,36%","5,58%","5,47%","5,07%","4,59%","4,45%","4,34%","4,22%","4,02%","3,70%","3,62%","3,63%","3,62%","3,52%","3,37%","3,52%","3,67%","3,45%","3,42%","3,62%","3,60%","3,75%","3,70%","3,46%","3,60%","3,40%","3,35%","3,10%","3,12%","3,13%","3,20%","3,38%","3,45%","3,40%","3,57%","3,86%","3,93%","3,78%","3,97%","3,98%","4,02%","4,22%","4,12%","4,16%","3,94%","4,20%","4,50%","4,73%","5,32%","5,09%","4,30%","4,36%","4,06%","3,86%","3,68%","3,34%","3,33%","3,60%","3,29%","3,34%","3,68%","3,31%","3,12%","2,79%","2,69%","2,74%","2,61%","2,41%","2,26%","2,05%","2,46%","2,47%","2,48%","2,37%","2,19%","2,25%","2,44%","2,31%","2,32%","2,57%","2,68%","2,94%","2,40%","2,82%","3,18%","3,65%","3,32%","4,33%","4,12%","3,88%","3,95%","4,00%","4,19%","4,28%","4,92%","5,07%","5,65%","6,67%","7,35%","6,16%","6,21%","6,84%","7,56%","7,99%","7,61%","7,42%","8,41%","9,44%","11,46%","13,91%","13,00%","11,11%","12,44%","10,62%","7,68%","8,38%","8,85%","8,50%","8,55%","7,86%","7,01%","5,87%","7,08%","6,58%","6,44%","6,35%","5,26%","5,64%","6,03%","5,02%","4,61%","4,02%","4,27%","4,29%","4,80%","4,63%","3,66%","3,26%","3,22%","2,78%","1,80%","2,35%","2,54%","2,14%"
Taux d'intérêt à court terme,,,,,,,,,,,,,,,,,,,,,,,,,,,,,,,,"6,12%","6,25%","7,83%","14,70%","7,00%","18,00%","14,25%","9,04%","12,58%","7,75%","6,80%","8,08%","4,41%","4,87%","4,71%","8,33%","9,59%","15,10%","10,25%","8,04%","9,66%","6,33%","10,25%","10,37%","8,92%","8,83%","9,33%","4,15%","5,43%","5,97%","5,75%","5,23%","6,19%","6,58%","6,17%","5,04%","6,25%","7,51%","10,21%","5,70%","5,56%","8,34%","14,25%","3,44%","3,11%","3,34%","3,88%","4,23%","5,46%","4,86%","5,73%","4,70%","3,72%","3,03%","1,68%","4,02%","5,01%","2,52%","4,50%","5,84%","3,42%","3,08%","4,58%","1,07%","1,88%","4,28%","1,77%","2,17%","5,08%","2,94%","4,00%","5,15%","3,71%","1,78%","4,44%","6,54%","7,01%","1,92%","2,71%","2,98%","2,57%","3,52%","3,22%","3,43%","1,92%","2,62%","3,43%","4,19%","4,37%","5,42%","4,83%","3,47%","3,93%","2,77%","3,03%","3,23%","3,10%","3,97%","4,42%","2,23%","1,40%","0,88%","0,52%","0,26%","0,14%","0,14%","0,45%","0,05%","0,02%","0,01%","0,10%","0,33%","0,37%","0,38%","0,38%","0,38%","0,59%","1,04%","1,10%","1,22%","1,55%","1,77%","1,93%","0,95%","1,75%","2,66%","3,27%","1,84%","3,41%","2,93%","2,38%","2,78%","3,16%","3,55%","3,95%","4,88%","4,32%","5,34%","6,68%","6,46%","4,34%","4,07%","7,04%","7,89%","5,84%","4,99%","5,27%","7,22%","10,04%","11,51%","14,03%","10,69%","8,63%","9,58%","7,48%","5,98%","5,82%","6,68%","8,12%","7,51%","5,42%","3,45%","3,02%","4,29%","5,51%","5,02%","5,07%","4,81%","4,66%","5,66%","3,40%","1,61%","1,01%","1,37%","3,15%","4,73%","4,36%","1,37%","0,15%","0,14%","0,05%","0,09%","0,06%","0,03%","0,05%"
"Valeur d'un investissement en actions, dividendes réinvestis ($, base 2000)",,,"1,61027464772357E-07","1,62990183468638E-07","1,62742366725187E-07","1,63170035085009E-07","1,74374654876068E-07","1,82444436807689E-07","1,96572964856982E-07","2,15802692496268E-07","2,26399396506112E-07","2,29298185176008E-07","2,29296025529386E-07","2,5183476216234E-07","2,46707181801757E-07","2,47678927188284E-07","2,4499351037911E-07","2,72968242972887E-07","3,03951638989117E-07","2,91748734365443E-07","3,07369072146764E-07","3,46965981337907E-07","3,57456853155899E-07","3,61864246904244E-07","4,03587524312565E-07","4,2261595323389E-07","4,24760613044367E-07","4,44659675574213E-07","4,53574234774195E-07","4,68458847145312E-07","5,25251535500965E-07","5,79076276889092E-07","6,25594956939896E-07","6,72661527379918E-07","7,25533492797369E-07","9,39937510370191E-07","9,00779212747134E-07","7,97815871065919E-07","8,01773140264668E-07","8,28765182246413E-07","8,08681158465067E-07","8,11437471177855E-07","6,69185161264925E-07","8,0250345732572E-07","1,18819249081367E-06","1,29709035472938E-06","1,31438832854169E-06","1,43515471358148E-06","1,3646078223009E-06","1,4480741579117E-06","1,589094707105E-06","1,81451892982495E-06","2,03845558413334E-06","2,16719408520296E-06","1,94800116996599E-06","1,79242417323083E-06","1,77720475862808E-06","1,58644049275681E-06","1,55580275082222E-06","1,48852494400674E-06","1,86527514115472E-06","1,81401579551642E-06","2,4249704510553E-06","3,91040854724023E-06","4,86976999735913E-06","4,34895125298075E-06","4,70935083893173E-06","5,02519702117202E-06","5,92141704315904E-06","6,72312820221425E-06","7,18139600244934E-06","7,9679404911288E-06","9,01772503740469E-06","9,12775828587815E-06","9,33377926098979E-06","9,75928488676635E-06","9,55059172127022E-06","8,01598387768819E-06","9,2262887285088E-06","1,18332002477724E-05","1,55990649616664E-05","1,95715841119966E-05","1,94437507965988E-05","1,96103614602409E-05","1,7555892043168E-05","1,82497052772759E-05","2,23638719489605E-05","2,40226076020158E-05","2,36523629714549E-05","2,52840313254094E-05","2,60657929112474E-05","2,60119604441214E-05","2,99185947570775E-05","2,69129117294644E-05","2,61360077922342E-05","2,83077310891995E-05","2,76365403478186E-05","3,0354338798054E-05","3,58019909025736E-05","4,60961576964144E-05","4,67282688235706E-05","6,21353167132859E-05","6,93033006990314E-05","6,18256362822736E-05","6,37265106234571E-05","8,4452230855039E-05","9,37231120451556E-05","7,97137588573304E-05","8,41279695295489E-05","0,000110022725446","0,000110693795845","0,000114972066906","0,000124941119071","0,00011738753738","0,000116075679441","0,000128425722706","0,000153736889243","0,000146275571895","0,000141739042691","0,000177439681445","0,000171154890271","0,000157919053204","0,000206655192693","0,000222771135244","0,000250306032242","0,00032604749191","0,00038702867071","0,000496270470049","0,000674045562575","0,000910472117987","0,000765153751099","0,000525350478134","0,000292918759822","0,00041003916207","0,000470078630907","0,000531718966734","0,000804316476076","0,000833115180491","0,000664830518461","0,000732922909961","0,00070434404358","0,000670663775312","0,000639903298701","0,000901990722353","0,001028578031647","0,001310959748414","0,001534499110251","0,001427672930875","0,001543096707416","0,001608427462588","0,002077949894063","0,002699409163637","0,003150323660113","0,00336","0,00427","0,00609","0,00727","0,00719","0,00781","0,01001","0,01006","0,01234","0,01196","0,01386","0,01663","0,01855","0,01849","0,02062","0,02284","0,02333","0,02056","0,02515","0,02880","0,02913","0,02317","0,02536","0,03122","0,03126","0,03212","0,03626","0,04405","0,04976","0,04924","0,06927","0,07237","0,08804","0,11561","0,14467","0,13857","0,17410","0,18625","0,21681","0,24701","0,27600","0,28924","0,34981","0,44300","0,58766","0,74151","0,91911","1,000","0,847","0,712","0,710","0,846","0,917","1,020","1,165","0,977","0,784","0,956","1,102","1,220","1,487","1,785","1,923"
"Indice du prix des logements, maisons individuelles Freddie Mac - FHFA ($, base 2000)",,,,,,,,,,,,,,,,,,,,,,,,,,,,,,,,,,,,,,,,,,,,,,,,,,,,,,,,,,,,,,,,,,,,,,,,,,,,,,,,,,,,,,,,,,,,,,,,,,,,,,,,,,,,,,,,,,,,,,,,,,,,,,,,,,,,,,,,,,,,,,,,,,,,,,,,,,,,,,,,,,,,,,,,,,,"0,189","0,196","0,205","0,224","0,243","0,257","0,277","0,307","0,350","0,393","0,425","0,450","0,463","0,478","0,497","0,522","0,558","0,597","0,634","0,674","0,696","0,710","0,727","0,746","0,771","0,791","0,815","0,839","0,882","0,936","1,000","1,069","1,147","1,235","1,354","1,494","1,573","1,568","1,435","1,360","1,319","1,273","1,321","1,421","1,497","1,583"
Dette immobilière des ménages (milliards de $),,,,,,,,,,,,,,,,,,,,,,,,,,,,,,,,,,,,,,,,,,,,,,,,,,,,,,,,,,,,,,,,,,,,,,,,,,,,,,,,,,,,,,,,,,,,,,,,,,,,,,,,,,,,,,,,,,,,,,,,,,,,,,,,,,,,,,,,,,,,,,,,,,19,23,28,33,38,45,52,58,66,75,88,99,107,117,130,141,154,168,185,202,219,233,246,263,279,286,309,344,382,419,459,517,603,709,827,927,998,1 031,1 116,1 243,1 450,1 649,1 829,2 055,2 260,2 489,2 667,2 840,2 999,3 166,3 319,3 537,3 753,4 055,4 432,4 814,5 322,6 028,6 910,7 859,8 912,9 910,10 613,10 580,10 419,9 922,9 702,9 491,9 404,9 404,9 494
Durée des prêts immobiliers (MIRS conforming loans) (années),,,,,,,,,,,,,,,,,,,,,,,,,,,,,,,,,,,,,,,,,,,,,,,,,,,,,,,,,,,,,,,,,,,,,,,,,,,,,,,,,,,,,,,,,,,,,,,,,,,,,,,,,,,,,,,,,,,,,,,,,,,,,,,,,,,,,,,,,,,,,,,,,,,,,,,,,,,,,,,,,,,,"21,3","22,1","22,6","22,5","23,1","23,4","23,5","23,5","24,7","26,1","24,0","24,1","24,9","25,2","26,3","26,7","27,4","27,2","26,4","25,6","26,0","26,8","25,9","25,6","26,8","27,7","27,7","27,0","26,5","25,4","25,5","27,1","27,4","26,9","27,5","27,8","28,2","28,7","27,6","27,3","26,8","27,9","28,5","29,0","29,3","28,4","28,2","27,7","28,1","27,6","27,6","28,3","28,4"
€ en $,,,,"119,043","119,043","119,043","119,043","119,043","119,043","119,043","119,043","119,043","119,043","119,043","119,043","119,043","119,043","119,043","119,043","119,043","119,043","119,043","119,043","119,043","119,043","119,043","119,043","119,043","119,043","119,043","119,043","119,043","119,043","119,043","119,043","119,043","119,043","126,979","126,979","126,979","126,979","126,979","126,979","126,979","126,979","126,979","126,979","126,979","126,979","126,979","126,979","126,979","126,979","126,979","126,979","126,979","126,979","126,979","126,979","126,979","126,979","126,979","141,508","181,387","253,954","196,492","176,009","172,626","174,499","166,100","143,502","139,514","140,421","142,112","138,910","143,502","139,273","130,874","126,979","126,979","126,979","126,979","126,979","126,979","126,979","126,979","126,979","126,979","126,979","126,979","126,979","126,979","126,979","126,979","126,979","126,979","126,979","126,979","126,979","126,979","126,979","126,979","126,979","126,979","126,979","126,979","126,979","126,979","126,979","126,979","126,979","126,979","126,979","126,979","126,979","117,635","112,200","114,343","116,910","90,271","45,860","48,640","53,216","39,575","33,963","30,907","20,870","25,752","25,732","25,701","25,752","25,722","25,772","31,899","43,111","43,311","39,291","26,100","18,774","16,474","14,981","4,494","3,793","3,472","2,942","4,153","2,239","2,421","1,678","1,687","1,750","1,649","1,581","1,640","1,778","1,764","1,653","1,537","1,465","1,339","1,338","1,338","1,339","1,339","1,339","1,339","1,335","1,334","1,325","1,287","1,187","1,190","1,301","1,473","1,365","1,528","1,373","1,336","1,454","1,544","1,553","1,208","0,998","0,861","0,751","0,730","0,947","1,092","1,102","1,028","1,205","1,163","1,240","1,158","1,182","1,314","1,283","1,124","1,113","1,066","0,924","0,896","0,946","1,131","1,244","1,244","1,256","1,370","1,471","1,395","1,326","1,392","1,285","1,328","1,329","1,110"
,,,,,,,,,,,,,,,,,,,,,,,,,,,,,,,,,,,,,,,,,,,,,,,,,,,,,,,,,,,,,,,,,,,,,,,,,,,,,,,,,,,,,,,,,,,,,,,,,,,,,,,,,,,,,,,,,,,,,,,,,,,,,,,,,,,,,,,,,,,,,,,,,,,,,,,,,,,,,,,,,,,,,,,,,,,,,,,,,,,,,,,,,,,,,,,,,,,,,,,,,,,,,,,,,,,,,,,,
C. Royaume-Uni,,,,,,,,,,,,,,,,,,,,,,,,,,,,,,,,,,,,,,,,,,,,,,,,,,,,,,,,,,,,,,,,,,,,,,,,,,,,,,,,,,,,,,,,,,,,,,,,,,,,,,,,,,,,,,,,,,,,,,,,,,,,,,,,,,,,,,,,,,,,,,,,,,,,,,,,,,,,,,,,,,,,,,,,,,,,,,,,,,,,,,,,,,,,,,,,,,,,,,,,,,,,,,,,,,,,,,,,
"Indice des prix à la consommation (£, base 2000)",,"0,024","0,019","0,018","0,018","0,021","0,020","0,020","0,021","0,023","0,023","0,023","0,026","0,026","0,023","0,021","0,019","0,021","0,021","0,021","0,019","0,017","0,014","0,015","0,017","0,020","0,018","0,017","0,017","0,017","0,016","0,018","0,016","0,015","0,014","0,014","0,016","0,016","0,017","0,018","0,018","0,018","0,016","0,014","0,014","0,015","0,016","0,018","0,015","0,014","0,014","0,013","0,013","0,014","0,017","0,017","0,017","0,016","0,015","0,015","0,015","0,015","0,015","0,015","0,014","0,015","0,015","0,016","0,016","0,015","0,015","0,016","0,016","0,017","0,016","0,016","0,016","0,016","0,015","0,015","0,015","0,015","0,015","0,015","0,015","0,014","0,014","0,014","0,014","0,014","0,014","0,014","0,014","0,014","0,014","0,014","0,014","0,014","0,014","0,014","0,015","0,015","0,015","0,015","0,015","0,015","0,015","0,015","0,015","0,015","0,016","0,016","0,016","0,016","0,016","0,018","0,021","0,026","0,032","0,035","0,041","0,037","0,032","0,030","0,030","0,030","0,030","0,029","0,029","0,029","0,028","0,027","0,026","0,026","0,026","0,026","0,026","0,027","0,027","0,028","0,033","0,036","0,039","0,040","0,041","0,042","0,044","0,047","0,050","0,052","0,053","0,058","0,064","0,066","0,067","0,070","0,073","0,076","0,078","0,079","0,079","0,082","0,086","0,087","0,090","0,094","0,098","0,101","0,105","0,111","0,118","0,129","0,139","0,151","0,176","0,218","0,254","0,294","0,319","0,362","0,427","0,477","0,518","0,542","0,569","0,604","0,624","0,650","0,682","0,718","0,768","0,825","0,861","0,883","0,900","0,924","0,946","0,964","0,979","0,992","1,000","1,012","1,025","1,039","1,052","1,074","1,099","1,125","1,165","1,191","1,230","1,285","1,322","1,355","1,376","1,376"
Produit intérieur brut (milliards de £),,,,,,,,,,,,,,,,,,,,,,,,,,,,,,,,,,,,,,,,,,,,,,,,,,,,,,,,,,,,,,,,,,,,,,,,,,,,,,,,,,,,,,,,,,,,,,,,,,,,,,,,,,,,,,,,,,,,,,,,,,,,,,,,,,,,,,,,,,,,,,,,,,,,,12,12,13,15,16,17,18,19,21,22,23,25,26,28,29,31,34,37,39,42,46,50,56,63,70,81,92,115,136,159,185,220,258,288,317,348,375,412,444,493,552,609,663,698,721,758,797,837,893,939,980,1 021,1 081,1 121,1 173,1 242,1 305,1 379,1 456,1 531,1 564,1 519,1 572,1 628,1 675,1 740,1 822,1 870
Revenu disponible des ménages (milliards de £),,,,,,,,,,,,,,,,,,,,,,,,,,,,,,,,,,,,,,,,,,,,,,,,,,,,,,,,,,,,,,,,,,,,,,,,,,,,,,,,,,,,,,,,,,,,,,,,,,,,,,,,,,,,,,,,,,,,,,,,,,,,,,,,,,,,,,,,,,,,,,,,,,,,,8,9,9,10,11,12,12,13,14,15,16,17,18,19,20,21,23,25,26,28,30,32,35,39,45,52,61,76,89,100,118,142,169,189,206,224,244,266,289,308,341,379,424,464,496,525,544,575,611,645,669,697,745,783,806,837,863,898,937,983,1012,1044,1077,1092,1137,1162,1199,1244
Population (milliers),,,,,,,,,,,,,,,,,,,,,,,,,,,,,,,,,,,,,,,,,,,,,,,,,,,,,,,,,,,,,,,,,,,,,,,,,,,,,,,,,,,,,,,,,,,,,,,,,,,,,,38 237,38 605,38 977,39 352,39 731,40 113,40 500,40 890,41 283,41 681,42 082,42 273,42 464,42 656,42 849,43 044,43 238,43 434,43 631,43 829,44 027,44 224,44 422,44 621,44 821,45 021,45 223,45 425,45 629,45 833,46 038,46 242,46 446,46 652,46 858,47 065,47 274,47 483,47 693,47 904,48 116,48 328,48 542,48 757,48 973,49 189,49 407,49 625,49 845,50 066,50 287,50 465,50 644,50 823,51 003,51 184,51 505,51 827,52 152,52 478,52 807,53 292,53 625,54 000,54 300,54 600,55 000,55 200,55 500,55 600,55 928,56 097,56 223,56 236,56 226,56 216,56 190,56 178,56 240,56 330,56 358,56 291,56 316,56 409,56 554,56 684,56 804,56 916,57 077,57 238,57 439,57 585,57 714,57 862,58 025,58 164,58 314,58 475,58 684,58 886,59 113,59 366,59 637,59 950,60 413,60 827,61 319,61 824,62 261,62 760,63 285,63 705,64 106,64 597,65 110
Nombre de ménages (milliers),,,,,,,,,,,,,,,,,,,,,,,,,,,,,,,,,,,,,,,,,,,,,,,,,,,,,,,,,,,,,,,,,,,,,,,,,,,,,,,,,,,,,,,,,,,,,,,,,,,,,,8 137,8 233,8 330,8 428,8 527,8 628,8 730,8 833,8 937,9 042,9 149,9 232,9 316,9 401,9 487,9 573,9 661,9 749,9 838,9 927,10 018,10 169,10 322,10 477,10 635,10 795,10 958,11 123,11 290,11 460,11 633,11 774,11 917,12 062,12 209,12 357,12 507,12 659,12 813,12 969,13 126,13 286,13 447,13 611,13 776,13 944,14 113,14 285,14 458,14 634,14 812,14 987,15 165,15 344,15 526,15 710,15 896,16 084,16 274,16 467,16 662,16 885,17 110,17 339,17 571,17 805,18 043,18 284,18 529,18 776,19 027,19 191,19 355,19 522,19 690,19 859,20 029,20 202,20 375,20 550,20 727,20 931,21 138,21 346,21 556,21 769,21 983,22 200,22 419,22 640,22 863,23 027,23 192,23 359,23 526,23 695,23 865,24 036,24 208,24 382,24 558,24 747,24 938,25 131,25 325,25 521,25 718,25 916,26 116,26 318,26 521,26 794,27 065,27 337,27 608
Taux d'intérêt à long terme,"4,71%","4,92%","4,23%","4,99%","5,30%","5,04%","4,87%","4,92%","4,55%","4,49%","4,47%","4,67%","5,08%","4,92%","4,92%","4,48%","5,02%","4,10%","3,87%","4,17%","4,42%","4,07%","3,79%","3,80%","3,30%","3,54%","3,79%","3,61%","3,54%","3,34%","3,49%","3,76%","3,58%","3,42%","3,32%","3,29%","3,35%","3,30%","3,23%","3,28%","3,35%","3,38%","3,27%","3,17%","3,03%","3,12%","3,13%","3,44%","3,51%","3,24%","3,11%","3,09%","3,02%","3,07%","3,27%","3,31%","3,22%","3,27%","3,10%","3,15%","3,19%","3,28%","3,23%","3,24%","3,33%","3,35%","3,41%","3,23%","3,20%","3,23%","3,24%","3,23%","3,24%","3,24%","3,24%","3,20%","3,16%","3,15%","3,15%","3,08%","3,05%","3,00%","2,99%","2,97%","2,97%","3,02%","2,98%","2,95%","2,97%","2,81%","2,67%","2,70%","2,65%","2,61%","2,52%","2,39%","2,28%","2,25%","2,28%","2,36%","2,54%","2,67%","2,66%","2,75%","2,83%","2,78%","2,83%","2,97%","2,90%","2,98%","3,08%","3,15%","3,28%","3,39%","3,46%","3,82%","4,31%","4,58%","4,40%","4,62%","5,32%","5,21%","4,43%","4,31%","4,39%","4,43%","4,55%","4,56%","4,47%","4,60%","4,46%","4,53%","3,76%","3,38%","3,08%","2,89%","2,94%","3,28%","3,38%","3,72%","3,40%","3,13%","3,03%","3,10%","3,14%","2,92%","2,60%","2,76%","3,21%","3,30%","3,55%","3,79%","4,23%","4,08%","3,76%","4,17%","4,74%","4,98%","4,98%","4,82%","5,40%","6,20%","8,98%","5,58%","6,03%","6,42%","6,80%","6,69%","7,39%","8,88%","9,16%","9,05%","9,11%","10,85%","14,95%","14,66%","14,25%","12,31%","11,93%","11,39%","11,88%","13,01%","11,90%","10,24%","10,16%","10,11%","9,47%","9,20%","9,01%","9,19%","10,80%","9,87%","9,18%","7,97%","8,03%","8,22%","8,10%","7,12%","5,53%","4,81%","4,82%","4,93%","4,89%","4,53%","4,88%","4,41%","4,50%","5,01%","4,59%","3,65%","3,62%","3,12%","1,92%","2,39%","2,57%","1,90%"
Taux d'intérêt à court terme,"5,00%","5,00%","5,00%","5,00%","5,00%","5,00%","5,00%","5,00%","5,00%","5,00%","5,00%","5,00%","5,00%","5,00%","5,00%","5,00%","5,00%","5,00%","5,00%","5,00%","5,00%","5,00%","4,00%","4,00%","3,50%","3,88%","4,50%","3,25%","3,05%","3,35%","2,81%","3,69%","3,12%","2,75%","3,37%","3,70%","4,25%","4,45%","3,00%","5,10%","5,00%","4,90%","3,33%","2,18%","2,12%","2,96%","3,80%","5,88%","3,20%","2,31%","2,25%","3,06%","1,89%","3,68%","4,95%","4,73%","6,01%","6,60%","2,60%","2,61%","4,10%","5,00%","1,49%","4,40%","7,29%","4,79%","6,60%","2,16%","1,88%","3,06%","3,06%","2,62%","3,90%","4,49%","3,41%","2,89%","1,89%","2,35%","3,23%","1,76%","2,30%","2,90%","3,38%","3,03%","2,40%","2,14%","2,12%","2,39%","2,36%","2,69%","3,74%","2,51%","1,53%","2,19%","0,99%","0,81%","1,50%","1,80%","2,62%","3,26%","3,70%","3,17%","2,97%","3,40%","2,68%","2,63%","4,04%","4,46%","2,26%","2,26%","3,18%","2,92%","3,63%","4,37%","2,93%","3,64%","5,20%","4,77%","3,58%","3,95%","6,38%","5,19%","2,63%","2,71%","3,44%","4,14%","4,46%","4,24%","4,16%","5,26%","2,56%","3,61%","1,87%","0,69%","0,82%","0,58%","0,60%","0,59%","0,63%","1,22%","1,04%","1,03%","1,03%","1,03%","1,03%","0,95%","0,53%","0,53%","0,56%","0,60%","0,67%","0,92%","2,70%","2,78%","1,84%","3,75%","5,05%","4,98%","4,75%","3,49%","5,05%","5,44%","4,31%","3,79%","4,77%","6,37%","6,41%","6,02%","7,38%","8,41%","8,05%","6,22%","6,48%","11,48%","13,43%","10,67%","11,39%","8,16%","9,25%","13,68%","16,61%","13,94%","12,25%","10,12%","9,96%","12,23%","10,93%","9,70%","10,35%","13,89%","14,77%","11,51%","9,62%","5,93%","5,50%","6,68%","6,02%","6,84%","7,34%","5,44%","6,11%","4,97%","3,99%","3,67%","4,58%","4,69%","4,80%","5,96%","5,50%","1,19%","0,69%","0,89%","0,84%","0,49%","0,54%","0,55%"
"Indice du prix des logements, gouvernement (£, base 2000)",,,,,,,,,,,,,,,,,,,,,,,,,,,,,,,,,,,,,,,,,,,,,,,,,,,,,,,,,,,,,,,,,,,,,,,,,,,,,,,,,,,,,,,,,,,,,,,,,,,,,,,,,,,,,,,,,,,,,,,,,,,,,,,,,,,,,,,,,,,,,,,,,,,,,,,,,,"0,018","0,018","0,019","0,019","0,020","0,020","0,021","0,022","0,024","0,026","0,028","0,031","0,033","0,034","0,037","0,040","0,042","0,045","0,051","0,070","0,095","0,101","0,107","0,117","0,125","0,144","0,190","0,228","0,240","0,244","0,277","0,302","0,330","0,373","0,438","0,549","0,661","0,655","0,647","0,623","0,606","0,623","0,624","0,644","0,703","0,786","0,872","1,000","1,088","1,268","1,466","1,643","1,732","1,841","2,046","2,029","1,872","2,010","1,979","2,007","2,081","2,293","2,429"
"Indice du prix des logements, Halifax (£, base 2000)",,,,,,,,,,,,,,,,,,,,,,,,,,,,,,,,,,,,,,,,,,,,,,,,,,,,,,,,,,,,,,,,,,,,,,,,,,,,,,,,,,,,,,,,,,,,,,,,,,,,,,,,,,,,,,,,,,,,,,,,,,,,,,,,,,,,,,,,,,,,,,,,,,,,,,,,,,,,,,,,,,,,,,,,,,,,,,,,,,,,,,,,"0,357","0,382","0,418","0,466","0,541","0,666","0,808","0,806","0,796","0,750","0,728","0,732","0,718","0,753","0,803","0,847","0,910","1,000","1,088","1,320","1,568","1,862","1,957","2,125","2,313","2,094","1,903","1,958","1,907","1,890","1,980","2,154","2,350"
Nombre de logements terminés (unités),,,,,,,,,,,,,,,,,,,,,,,,,,,,,,,,,,,,,,,,,,,,,,,,,,,,,,,,,,,,,,,,,,,,,,,,,,,,,,,,,,,,,,,,,,,,,,,,,,,,,,,,,,,,,,,,,,,,,,,,,,,,,,,,,,,,,,,,,,,,,,,,,,,,,,205 260,205 430,201 860,248 320,326 820,354 130,324 420,307 670,307 590,278 630,281 570,304 260,303 190,313 640,307 710,383 190,391 230,396 010,415 460,425 830,378 330,362 230,364 480,330 940,304 640,279 630,322 000,324 840,314 160,288 690,251 820,242 000,206 630,182 850,209 030,220 410,207 470,216 540,226 230,242 360,221 460,202 500,191 020,179 100,185 650,193 000,199 120,189 030,191 110,181 020,181 990,176 850,174 080,181 960,190 490,203 490,209 580,212830,226 420,188 310,158 370,136 590,140 600,141 520,135 330,144 890,173 167
€ en £,,,,"26,238","26,238","26,238","26,238","26,238","26,238","26,238","26,238","26,238","26,238","26,238","26,238","26,238","26,238","26,238","26,238","26,238","26,238","26,238","26,238","26,238","26,238","26,238","26,238","26,238","26,238","26,238","26,238","26,238","26,238","26,238","26,238","26,238","26,238","26,238","26,238","26,238","26,238","26,238","26,238","26,238","26,238","26,238","26,238","26,238","26,238","26,238","26,238","26,238","26,238","26,238","26,238","26,238","26,238","26,238","26,238","26,238","26,238","26,238","26,238","26,238","26,238","26,238","26,238","26,238","26,238","26,238","26,238","26,238","26,238","26,238","26,238","26,238","26,238","26,238","26,238","26,238","26,238","26,238","26,238","26,238","26,238","26,238","26,238","26,238","26,238","26,238","26,238","26,238","26,238","26,238","26,238","26,238","26,238","26,238","26,238","26,238","26,238","26,238","26,238","26,238","26,238","26,238","26,238","26,238","26,238","26,238","26,238","26,238","26,238","26,238","26,238","24,771","23,387","23,994","24,527","20,623","12,447","12,632","12,025","8,662","7,693","6,394","4,296","5,296","5,286","5,289","5,295","5,672","7,353","7,754","9,686","8,832","7,905","5,272","3,845","3,713","3,714","2,711","1,665","1,224","1,093","1,451","0,811","0,904","0,633","0,613","0,717","0,680","0,649","0,628","0,659","0,661","0,629","0,576","0,513","0,475","0,478","0,479","0,479","0,480","0,480","0,481","0,478","0,484","0,554","0,528","0,495","0,487","0,520","0,601","0,585","0,690","0,762","0,765","0,759","0,727","0,668","0,600","0,571","0,568","0,564","0,568","0,646","0,667","0,619","0,628","0,677","0,659","0,703","0,771","0,773","0,833","0,821","0,686","0,672","0,658","0,609","0,622","0,629","0,692","0,678","0,684","0,682","0,684","0,794","0,890","0,857","0,868","0,811","0,849","0,806","0,726"
